nombre,nivel,tipo,escuela,clases,tiempo_de_lanzamiento,alcance,componentes,duracion,descripcion,stage,revision
Abrir,2,Nivel 2,Transmutación,bardo; hechicero; mago,Acción,18 m,V,Instantáneo,"Elige un objeto que puedas ver dentro del alcance. Puede ser

una puerta, una caja, un cofre, unas esposas, un candado

o cualquier otro objeto que posea alguna manera mágica

o mundana de impedir el acceso.

Un objetivo que esté cerrado mediante una cerradura

normal o que esté atascado o atrancado se abre, desatasca

o desatranca. Si el objeto tiene varios cerrojos, solo se

desbloquea uno de ellos.

Si el objetivo está cerrado mediante cerradura arcana,

ese conjuro quedará anulado durante 10 minutos y,

durante ese tiempo, el objeto se podrá abrir y cerrar.

Cuando lanzas el conjuro, se escucha un fuerte golpe

surgir del objetivo, que es audible a una distancia de 90 m.",pendiente,
Acelerar,3,Nivel 3,Transmutación,hechicero; mago,Acción,9 m,"V, S, M (un viruta de raíz de regaliz)","Concentración, hasta 1 minuto","Elige a una criatura voluntaria que puedas ver dentro

del alcance. Hasta que el conjuro termine, la velocidad

del objetivo se duplica, gana un bonificador de +2 a su

clase de armadura, tiene ventaja en tiradas de salvación

de Destreza y consigue una segunda acción en cada uno

de sus turnos. Solo puede utilizar esta acción para llevar

a cabo una acción de atacar (solo un ataque), correr,

destrabarse, esconderse o utilizar.

Cuando el conjuro termine, el objetivo tendrá el estado

de incapacitado y una velocidad de O hasta el final de su

siguiente turno, debido a una ola de somnolencia que lo

afecta.",pendiente,
Adivinación,4,Nivel 4,Adivinación,clérigo; druida; mago,Acción o ritual,Lanzador,"V, S, M (incienso que valga al menos 25 po, Instantáneo que se consume como parte del conjuro)",Instantáneo,"que se consume como parte del conjuro)

Este conjuro te pone en contacto con un dios o sus

sirvientes. Puedes hacer una pregunta sobre un objetivo,

un suceso o una actividad específicos que ocurrirán en los

próximos 7 días. Tu DM te dará una respuesta verdadera,

que puede ser una frase corta o una rima críptica. El conjuro

no tiene en cuenta ninguna circunstancia que pueda alterar

la respuesta, como por ejemplo el lanzamiento de otros

conjuros.

Si lanzas el conjuro más de una vez antes de finalizar

un descanso largo, hay una posibilidad acumulativa del

25 % por cada lanzamiento después del primero de que

no recibas ninguna respuesta.",pendiente,
Agarre Electrizante,0,Truco,Evocación,hechicero; mago,Acción,Toque,"V, S",Instantáneo,"Una descarga eléctrica surge de tu mano hacia una criatura

que intentas tocar. Haz un ataque de conjuro cuerpo

a cuerpo contra el objetivo. Si acierta, el objetivo recibirá

1d8 de daño de relámpago y no podrá realizar ataques

de oportunidad hasta el principio de su siguiente turno.

Mejora de truco. El daño aumenta en 1d8 cuando

alcanzas los niveles 5 (2d8), 11 (3d8) y 17 (4d8).",ok,
Agrandar/Reducir,2,Nivel 2,Transmutación,bardo; druida; hechicero; mago,Acción,9 m,"V, S, M (una pizca hierro en polvo)","Concentración, hasta 1 minuto","Hasta que el conjuro termine, aumenta o reduce el tamaño

de una criatura u objeto que puedas ver dentro del alcance

(consulta el efecto elegido a continuación). Si el objetivo es

un objeto, no puede estar llevándolo ni vistiéndolo nadie.

Si es una criatura no voluntaria, puede hacer una tirada

de salvación de Constitución y, si la supera, el conjuro no

tiene efecto.

Todo lo que vista y lleve una criatura objetivo cambiará

de tamaño con ella y cualquier objeto que suelte volverá

a su tamaño normal de inmediato. Un arma arrojadiza

o un proyectil recuperará su tamaño normal justo después

de acertar a un objetivo o fallar.

Agrandar. El tamaño del objetivo aumenta en una

categoría; por ejemplo, de Mediano a Grande. El objetivo

también tendrá ventaja en las pruebas de Fuerza y en

las tiradas de salvación de Fuerza. Además, sus ataques

con armas agrandadas o sin armas causan 1d4 de daño

adicional al acertar.

Reducir. El tamaño del objetivo se reduce en una

categoría; por ejemplo, de Mediano a Pequeño. El objetivo

también tendrá desventaja en las pruebas de Fuerza y en las

tiradas de salvación de Fuerza. Los ataques que haga con

armas reducidas o sin armas causan 1d4 menos de daño

al acertar (esto no puede reducir el daño a menos de 1).",pendiente,
Alarma,1,Nivel 1,Abjuración,explorador; mago,1 minuto o un ritual,9 m,"V, S, M (una campanae hilo de plata)",8 horas,"Preparas una alarma contra los intrusos. Elige una puerta,

una ventana o una zona dentro del alcance que no sea

mayor que un cubo de 6 m de lado. Hasta que el conjuro

termine, una alarma te alertará siempre que una criatura

toque la zona vigilada o entre en ella. Al lanzar el conjuro

puedes designar qué criaturas no activarán la alarma, que

puede ser mental o sonora:

Alarma mental. La alarma te avisará con un sonido

dentro de tu mente si estás a 1,5 km o menos de la zona

vigilada. Si estás durmiendo, te despertará.

Alarma sonora. La alarma producirá el sonido de una

campanilla durante 10 segundos, que será audible

a 18 m o menos de la zona vigilada.",rechazado,
Aliado Planar,6,Nivel 6,Conjuración,clérigo,Acción adicional,Toque,"V, S, M (una guindilla)","Concentración, hasta 1 minuto","Suplicas la ayuda de una entidad de otro mundo, la cual

debe resultarte conocida: un dios, un príncipe demonio

u otro ser con poder cósmico. Esa entidad enviará a un

celestial, un elemental o un infernal que le sea leal para

ayudarte, criatura que aparecerá en un espacio sin ocupar

dentro del alcance. Si sabes el nombre de una criatura

específica, puedes pronunciarlo cuando lances el conjuro

para solicitar a esa criatura, aunque igualmente podría

aparecer otra (a elección de tu DM).

Cuando la criatura aparece, no se siente forzada

a comportarse de ningún modo concreto. Puedes pedirle

que realice un servicio a cambio de un pago, pero no está

obligada a hacerlo. La tarea solicitada podría ser muy

sencilla (“ayúdanos a cruzar esta sima volando” o “échanos

una mano en la batalla”) o algo más complicado (“espía

a nuestros enemigos” o “protégenos mientras exploramos la

mazmorra”). Para negociar por los servicios de la criatura,

debes poder comunicarte con ella.

El pago puede adoptar una gran variedad de formas.

Un celestial podría solicitar una importante donación de

oro u objetos mágicos a un templo aliado, mientras que

un infernal podría exigir el sacrificio de un ser vivo o un

regalo de un tesoro. Algunas criaturas podrían solicitar

que lleves a cabo alguna misión a cambio de sus servicios.

Una tarea que pueda medirse en minutos requiere un

pago equivalente a 100 po por minuto. Una tarea que se

mida en horas requiere 1000 po por hora, y una tarea

que se mida en días (hasta 10 días) requiere 10 000 po

por día. Tu DM puede adaptar los pagos en función de las

circunstancias en las que lances el conjuro. Si la tarea est

en sintonía con los valores de la criatura, el pago podría

reducirse a la mitad o incluso no ser necesario. Las tareas

que no implican peligro suelen exigir solo la mitad del pago

sugerido, mientras que las que son especialmente peligrosas

podrían requerir una donación aún mayor. Raramente una

criatura aceptará una tarea que parezca suicida.

Una vez que la criatura complete su tarea o cuando

finalice el tiempo de servicio acordado, volverá a su plano

natal tras informarte de ello si es posible. Si no eres capaz

de llegar a un acuerdo sobre el precio del servicio de la

criatura, esta regresará a su plano natal de inmediato.

,   ALIENTO DE DRAGÓN

Transmutación de nivel 2 (hechicero, mago)

Tocas a una criatura voluntaria y eliges ácido, frío, fuego,

relámpago o veneno. Hasta que el conjuro termine,

el objetivo puede usar una acción de magia para exhalar

en un cono de 4,5 m. Todas las criaturas situadas en la

zona hacen una tirada de salvación de Destreza; sufrirán

3d6 de daño del tipo elegido si la fallan o la mitad del daño

si la superan.

Con un espacio de conjuro de nivel superior. El daño

aumenta en 1d6 por cada nivel por encima de 2 que tenga

el espacio.",pendiente,
Alterar el Propio Aspecto,2,Nivel 2,Transmutación,hechicero; mago,Acción,Lanzador,"V, S","Concentración, hasta 1 hora","Modificas tu forma física. Elige una de las siguientes

opciones. Los efectos duran hasta que el conjuro termine;

entretanto, puedes usar una acción de magia para sustituir

la opción elegida por otra distinta.

Adaptación acuática. Te salen branquias y te crecen

membranas entre los dedos. Puedes respirar bajo el agua

y obtienes una velocidad nadando igual a tu velocidad.

Armas naturales. Te crecen cascos (contundente), colmillos

(perforante), cuernos (perforante) o garras (cortante).

Cuando hagas un ataque sin armas para causar daño con

el nuevo apéndice, hará 1d6 de daño del tipo indicado entre

paréntesis en vez del daño normal de tu ataque sin armas.

Además, usarás tu modificador por aptitud mágica para

las tiradas de ataque y de daño en vez de tu Fuerza.

Cambiar de aspecto. Alteras tu apariencia. Decide tu

aspecto, especificando tu altura, peso, rasgos faciales,

timbre de voz, longitud del pelo, tono de piel y cualquier

otro rasgo distintivo. Puedes presentarte como un miembro:

de otra especie, aunque esto no modificará tu perfil de juego.

No puedes adoptar el aspecto de una criatura de un tamaño

distinto y conservarás tu forma básica: si eres una criatura

bípeda, no podrás usar este conjuro para ser un cuadrúpedo,

á   por ejemplo. Hasta que termine el conjuro, puedes usar una

acción de magia para volver a cambiar tu aspecto.

o

Un CLÉRIGO HUMANO LANZA ALZAR A LOS

MUERTOS PARA DEVOLVER A UN CAMARADA

CAÍDO ALA VIDA.                       cas",pendiente,
As Alterar los Recuerdos,5,Nivel 5,Encantamiento,bardo; mago,Acción,9 m,"V, S","Concentración, hasta 1 minuto","Intentas modificar los recuerdos de otra criatura. Una

criatura que puedas ver dentro del alcance realiza una

tirada de salvación de Sabiduría. Si estás luchando contra

ella, tendrá ventaja en la tirada. Si la falla, tendrá el es

de hechizada hasta que termine el conjuro. Mientras esté

hechizado de esta manera, el objetivo también tiene el estad

de incapacitado y no es consciente de su entorno, aunque

puede oírte. Si recibe cualquier daño o es el objetivo

de otro conjuro, este conjuro termina y no se modifica

ninguno de sus recuerdos.

Mientras dure este sortilegio, puedes afectar al recuerdo

de un suceso que haya vivido el objetivo durante las últimas

24 horas y que no haya durado más de 10 minutos. Puedes

eliminar permanentemente todo recuerdo del suceso,

permitir que lo recuerde con claridad perfecta, cambiar

cómo recuerda los detalles o crear un recuerdo de otro

suceso.

Debes hablarle al objetivo para describir cómo se ven

afectados sus recuerdos y este debe poder comprender tu

idioma para que los recuerdos modificados se asienten.

Su mente llenará cualquier hueco que falte en los detalles

de tu descripción. Si el conjuro termina antes de que acabes

de describir los recuerdos modificados, la memoria de la

criatura no se verá afectada. De lo contrario, los recuerdos

modificados ocuparán el lugar de los reales en cuanto

el conjuro termine.

Un recuerdo modificado no tiene por qué afectar al

comportamiento de una criatura, en especial si contradice

sus inclinaciones naturales, su alineamiento o sus creencias.

Un recuerdo modificado que no sea lógico, como cuánto

disfrutó bañándose en ácido, se difuminará y la criatura

lo considerará un mal sueño. Tu DM podría considerar que

un recuerdo modificado es demasiado ilógico como para

afectar a una criatura.

tado

Un conjuro levantar maldición o restablecimiento mayor

lanzado sobre el objetivo restaurará los recuerdos

o      auténticos de la criatura.

Con un espacio de conjuro de nivel superior. Puedes

alterar recuerdos del objetivo de un suceso que ocurrió

hace 7 días (espacio de nivel 6), 30 días (espacio de nivel 7),

365 días (espacio de nivel 8) o en cualquier momento del

pasado de la criatura (espacio de nivel 9).",pendiente,
Alzar a los Muertos,5,Nivel 5,Nigromancia,bardo; clérigo; paladín,1 hora,Toque,"V, S, M (un diamante que valga al menos",Instantáneo,"500 po y que se consume como parte del conjuro)

Con un toque, revives a una criatura que no lleve más

de 10 días muerta y que no fuera un muerto viviente

cuando falleció.

La criatura vuelve a la vida con 1 punto de golpe.

El conjuro también neutraliza cualquier veneno que

afectase a la criatura en el momento de su muerte.

Este conjuro cierra todas las heridas mortales, pero no

devuelve las partes del cuerpo que faltan. Si a la criatura

le faltan partes del cuerpo u órganos fundamentales para

que sobreviva (por ejemplo, la cabeza), el conjuro falla

automáticamente.

Regresar de entre los muertos es una experiencia

complicada. El objetivo tendrá un penalizador de -4 a las

pruebas con d20. Cada vez que finalice un descanso largo,

el penalizador se reduce en 1 hasta desaparecer.",pendiente,
Amistad,0,Truco,Encantamiento,bardo; brujo; hechicero; mago,Acción,3 m,"S, M (un poco de maquillaje)","Concentración, hasta 1 minuto","Emanas mágicamente un sentimiento de amistad hacia

una criatura que puedas ver dentro del alcance. El objetivo

deberá superar una tirada de salvación de Sabiduría

o tendrá el estado de hechizado hasta que termine el

conjuro. El objetivo la superará automáticamente si no

es un humanoide, si estás luchando contra él o si le has

lanzado este conjuro en las últimas 24 horas.

El conjuro termina antes de tiempo si el objetivo recibe

daño o si haces una tirada de ataque, causas daño u obligas

a cualquier criatura a hacer una tirada de salvación. Cuando

el conjuro termine, el objetivo sabrá que lo hechizaste.",ok,
Animar a los Muertos,3,Nivel 3,Nigromancia,clérigo; mago,1 minuto,3 m,"V, S, M (una gota de sangre, un pedazo",Instantáneo,"de carne y una pizca de polvo de hueso)

Elige un montón de huesos o un cadáver de un humanoide

Mediano o Pequeño dentro del alcance. El objetivo se

convierte en una criatura muerta viviente: un esqueleto si

eliges un montón de huesos o un zombi si eliges un cadáver

(consulta los perfiles de las criaturas en el apéndice B).

En cada uno de tus turnos, puedes usar una acción

adicional para dar órdenes mentalmente a cada criatura

que hayas creado con el conjuro que esté a 18 m o menos

de ti (si controlas a varias criaturas, puedes dar órdenes

a cualesquiera de ellas a la vez transmitiéndole la misma

orden a cada una). Tú decides qué acción llevará a cabo la

criatura y adónde se moverá en su siguiente turno, o puedes

dar una orden general, como proteger una cámara o un

pasadizo. Si no das ninguna orden, la criatura hace la acción

de esquivar y solo se mueve para evitar peligros. En cuanto

se le dé una orden, la criatura la cumplirá hasta completar

su tarea.

La criatura estará bajo tu control durante 24 horas, tras

las cuales dejará de obedecer cualquier orden que le hayas

dado. Para mantener el control sobre ella otras 24 horas,

deberás volver a lanzarle este conjuro antes de que acabe

el periodo actual de 24 horas. Este uso del conjuro refuerza

tu control sobre hasta cuatro criaturas que hayas animado

con él y no anima una nueva criatura.

Con un espacio de conjuro de nivel superior. Animas

o refuerzas el control sobre dos criaturas muertas vivientes

adicionales por cada nivel de conjuro por encima de 3 que

tenga el espacio. Cada una de las criaturas debe proceder

de un cadáver o un montón de huesos distinto.",pendiente,
Animar Objetos,5,Nivel 5,Transmutación,bardo; hechicero; mago,Acción,36 m,"V, S","Concentración, hasta 1 minuto","Tus órdenes hacen que los objetos cobren vida. Elige una

cantidad de objetos no mágicos dentro del alcance que no

vista ni lleve nadie, que no estén fijos en una superficie y que

no sean Gargantuescos. La cantidad máxima de objetos es

igual a tu modificador por aptitud mágica. A estos efectos,

un objetivo Mediano o más pequeño cuenta como un objeto,

un objetivo Grande cuenta como dos y un objetivo Enorme

cuenta como tres.

Cada objetivo se animará, le crecerán patas, se convertirá

en un autómata que emplea el perfil de un objeto animado

y permanecerá bajo tu control hasta que el conjuro termine

o hasta que sus puntos de golpe se reduzcan a O. Cada

criatura que crees con este conjuro se considera una aliada

para tus aliados y para ti. En combate, comparte tu orden

de iniciativa y su turno va justo después del tuyo.

Hasta que el conjuro termine, puedes usar una acción

adicional para dar órdenes mentalmente a cada criatura

que hayas creado con el conjuro que esté a 150 m o menos

de ti (si controlas a varias criaturas, puedes dar órdenes

a cualesquiera de ellas a la vez transmitiéndole la misma

orden a cada una). Si no das ninguna orden, la criatura

hace la acción de esquivar y solo se mueve para evitar

peligros. Cuando los puntos de golpe de la criatura se

reduzcan a 0, recuperará su forma de objeto y cualquier

daño sobrante se aplicará a esa forma.

Con un espacio de conjuro de nivel superior. El daño

del golpe de la criatura aumenta en 1d4 (Mediana o más

pequeña), 1d6 (Grande) o 1412 (Enorme) por cada nivel

por encima de 5 que tenga el espacio.

li BRASERO AFECTADO POR

EL CONJURO ANIMAR OBJETOS

o

Autómata Enorme o más pequeño, sin alineamiento

| CA: 15

| PG: 10 (Mediano o más pequeño), 20 (Grande), 40 (Enorm

Velocidad: 9 m

MOD. SAL.            MOD. SALV.            MO

Fue 16 +3       +3    Des10+0       +0     CoNnl0 +0

INT 3 -=4       -4    Sab 3 -4      -4     Car     1-5

Inmunidades: psíquico, veneno; asustado, cansancio,

envenenado, hechizado, paralizado

Sentidos: visión ciega 9 m, Percepción pasiva 6

Idiomas: entiende los idiomas que conozcas

VD: ninguno (0 PX; BC igual a tu bonificador por compet

ACCIONES

| Golpe. Tirada de ataque cuerpo a cuerpo: bonificador i

| atu modificador de ataque de conjuros, alcance 1,5 m.

| Acierto: daño de fuerza igual a 1d4 + 3 (Mediano o más

| pequeño), 2d6 + 3 + tu modificador por aptitud mágica

l (Grande) o 2d12 + 3 + tu modificador por aptitud

| mágica (Enorme).",pendiente,
Antipatía/Simpatía,8,Nivel 8,Encantamiento,bardo; druida; mago,1 hora                                                  |,18 m                                                          |,"V, S, M (una mezcla de vinagre y miel)                        |",10 días,"Mientras lanzas el conjuro, elige si crea antipatía o simpatía             |

y haz objetivo a una criatura u objeto de tamaño Enorme                    |

o más pequeño. A continuación, selecciona un tipo de

criatura, como dragones rojos, goblins o vampiros.

Las criaturas del tipo elegido harán una tirada de salvación

de Sabiduría cuando se acerquen a 36 m o menos del

objetivo. La elección de antipatía o simpatía determina

lo que le sucede a una criatura si falla la salvación:

Antipatía. La criatura tiene el estado de asustada y deberá

utilizar su movimiento en sus turnos para alejarse lo

máximo posible del objetivo por la ruta más segura.

Simpatía. La criatura tiene el estado de hechizada y deberá

utilizar su movimiento en sus turnos para acercarse

lo máximo posible al objetivo por la ruta más segura.

Si la criatura se encuentra a 1,5 m o menos del objetivo,

no podrá alejarse de él voluntariamente. Si el objetivo

daña a la criatura hechizada, esta podrá hacer una tirada

de salvación de Sabiduría para poner fin al efecto, como

se describe a continuación.

Poner fin al efecto. Si la criatura asustada o hechizada

termina su turno a más de 36 m del objetivo, deberá

hacer una tirada de salvación de Sabiduría. Si la supera,

dejará de verse afectada por el objetivo. Las criaturas que

)]           superen la tirada de salvación contra este efecto serán

inmunes a él durante 1 minuto y después podrán verse

|       afectadas otra vez.

e)",pendiente,
Apariencia,5,Nivel 5,Ilusionismo,bardo; hechicero; mago,Acción,9 m,"V, S",8 horas,"Le das una apariencia ilusoria a cada criatura de tu elección que puedas ver dentro del alcance. Un objetivo no voluntario puede hacer una tirada de salvación de Carisma y, si la supera, el conjuro no le afectará.

Puedes dar la misma apariencia o una distinta a cada objetivo, así como cambiar el aspecto de sus cuerpos y equipo. Puedes hacer que cada criatura parezca 30 cm más alta o más baja y de complexión más pesada o ligera. Un nuevo aspecto debe tener la misma configuración básica de miembros que el objetivo, aunque en el resto de aspectos, la ilusión queda a tu elección y permanecerá hasta que el conjuro termine.

Los cambios realizados por este conjuro pueden descubrirse mediante una inspección física. Por ejemplo, si usas este conjuro para añadir un sombrero a la vestimenta de una criatura, los objetos atravesarán el sombrero. Si una criatura emplea la acción de estudiar para examinar a un objetivo, podrá hacer una prueba de Inteligencia (Investigación) contra tu CD de salvación de conjuros. Si la supera, sabrá que el objetivo está disfrazado.",pendiente,
Arma Elemental,3,Nivel 3,Transmutación,druida; explorador; paladín,Acción,Toque,"V, S","Concentración, hasta 1 hora","Un arma no mágica que toques se convierte en mágica.

Elige uno de los siguientes tipos de daño: ácido, frío

relámpago o trueno. Mientras dure el conjuro, el arma

tiene un bonificador de +1 a las tiradas de ataque y c

1d4 de daño adicional del tipo elegido cuando acierte.

Con un espacio de conjuro de nivel superior. Si usas

espacio de conjuro de niveles 5 o 6, el bonificador a

tiradas de ataque aumenta en +2 y el daño adicional

aumenta a 2d4. Si usas un espacio de conjuro de nivel

o superior, el bonificador aumenta a +3 y el daño adic

aumenta a 3d4.

ESPIRITUAL EN UN COMBATE CONTRA UNA

MOLE SOMBRÍA

aminar",pendiente,
Arma Espiritual,2,Nivel 2,Evocación,clérigo,Acción adicional,18 m,"V, S","Concentración, hasta 1 minuto","Creas una fuerza espectral flotante con el aspecto de un

arma de tu elección que permanece hasta que termine

el conjuro. La fuerza aparece dentro del alcance en un

espacio de tu elección y puedes hacer inmediatamente un

ataque de conjuro cuerpo a cuerpo contra una criatura

que esté a 1,5 m o menos de ella. Si acierta, el objetivo

, fuego,   recibe una cantidad de daño de fuerza igual a 148 más

tu modificador por aptitud mágica.

ausa          Como acción adicional en tus siguientes turnos, puedes

mover la fuerza hasta 6 m y repetir el ataque contra una

un        criatura que esté a 1,5 m o menos de ella.

las           Con un espacio de conjuro de nivel superior. El daño

aumenta en 1d8 por cada nivel por encima de 2 que tenga

7          el espacio.

ional

Un BRUJO GOLIAT LANTA ARMADU

AGATHYS Y BRAZOS DE HADAR PA

CONTRA ENEMIG:   E LAS PROFU",pendiente,
Arma Mágica,2,Nivel 2,Transmutación,,Acción adicional,Toque,"V, S",1 hora,"Tocas un arma no mágica. Hasta que el conjuro

termine, esa arma se convierte en un arma mágica con

un bonificador de +1 a las tiradas de ataque y de daño.

El conjuro termina antes si lo vuelves a lanzar.

Con un espacio de conjuro de nivel superior. El bonificado

aumenta a +2 si utilizas un espacio de niveles 3 a 5.

El bonificador aumenta a +3 si utilizas un espacio de nivel

o superior.",ok,
Armadura de Agathys,1,Nivel 1,Abjuración,brujo,Acción,Lanzador,"V, S, M (un trozo de piel curtida)",8 horas RA DE RA LUCHAR NDIDADES.,"Una escarcha mágica protectora te rodea y ganas 5 puntos

de golpe temporales. Si una criatura te acierta con una

tirada de ataque cuerpo a cuerpo antes de que el conjuro

ín)

termine, dicha criatura sufre 5 de daño de frío. El conjuro

termina antes de tiempo si no tienes puntos de golpe

temporales.

Con un espacio de conjuro de nivel superior. Los puntos

de golpe temporales y el daño de frío aumentan en 5 por

cada nivel por encima de 1 que tenga el espacio.

ARMADURA DE MAGO

r           Abjuración de nivel1 (hechicero, mago)

6           Alcance: Toque

Tocas a una criatura voluntaria que no lleve armadura.

Hasta que el conjuro termine, la CA base del objetivo pasa

a ser de 13 más su modificador por Destreza. El conjuro

termina antes si el objetivo se pone una armadura.",ok,
Asesino Fantasmal,4,Nivel 4,Ilusionismo,bardo; mago,Acción,36 m,"V, S","Concentración, hasta 1 minuto","Accedes a las pesadillas de una criatura a la que puedas

ver dentro del alcance y creas una ilusión de sus miedos

más profundos que solo ella puede ver. El objetivo hace

una tirada de salvación de Sabiduría. Si la falla, sufrirá

4d10 de daño psíquico y tendrá desventaja en las pruebas

de característica y en las tiradas de ataque hasta que

termine el conjuro. Si la supera, sufrirá la mitad de ese

daño y el conjuro terminará.

Además, hasta que termine el conjuro, el objetivo hará

una tirada de salvación de Sabiduría al final de cada uno

de sus turnos. Si la falla, volverá a sufrir el daño psíquic

Si la supera, el conjuro terminará.

Con un espacio de conjuro de nivel superior. El daño

aumenta en 1d10 por cada nivel por encima de 4 que tenga

el espacio.",pendiente,
Aspectos Animales,8,Nivel 8,Transmutación,druida,Acción,9 m,"V, S",24 horas,"Elige cualquier cantidad de criaturas voluntarias que

puedas ver dentro del alcance. Todos los objetivos

cambian de forma y adoptan la de una bestia Grande

o más pequeña con un valor de desafío de 4 o menos.

Puedes elegir una forma distinta para cada objetivo.

En los siguientes turnos, puedes usar una acción de

magia para transformar de nuevo a los objetivos.

El perfil de un objetivo se sustituye por el de la bestia

elegida, pero conserva su tipo de criatura, sus puntos

de golpe, sus dados de puntos de golpe, su alineamiento,

su capacidad para comunicarse y sus puntuaciones

de Inteligencia, Sabiduría y Carisma. Las acciones del

objetivo se ven limitadas por la anatomía de la forma de

bestia y no puede lanzar conjuros. El equipo del objetivo

se funde con su nueva forma y no podrá usarlo mientras

esté en dicha forma.

El objetivo obtiene una cantidad de puntos de golpe

temporales igual a los puntos de golpe de la primera

forma que adopte. Estos puntos de golpe temporales se

desvanecerán si conserva alguno cuando el conjuro termine.

La transformación dura hasta que el conjuro termine

O hasta que el objetivo le ponga fin como acción adicional.",pendiente,
Atadura Planar,5,Nivel 5,Abjuración,bardo; brujo; clérigo; druida; mago,1 hora,18 m,"V, S, M (una joya que valga al menos",24 horas,"1000 po y que se consume como parte del conjuro)

Intentas obligar a un celestial, un elemental, un feérico

o un infernal a servirte. La criatura debe estar dentro

del alcance durante todo el tiempo de lanzamiento del

conjuro (por lo general, primero se invoca a la criatura

en el centro de un conjuro círculo mágico invertido para

atraparla mientras se lanza el conjuro). Al finalizar el

lanzamiento, el objetivo deberá superar una tirada de

salvación de Carisma o se verá obligado a servirte hasta

que termine el conjuro. Si la criatura se ha invocado

o.   o creado mediante otro conjuro, la duración de dicho

conjuro se amplía hasta ser igual que la de este.

Una criatura obligada deberá seguir tus órdenes lo mejor

que pueda. Puedes ordenarle que te acompañe en una

aventura, que proteja un lugar o que entregue un mensaje.

Si la criatura es hostil, hará lo posible para retorcer el

significado de tus órdenes y así lograr sus propios objetivos.

Si la criatura lleva a cabo tus órdenes en su totalidad

antes de que termine el conjuro, viajará hasta ti para

comunicártelo si estáis en el mismo plano de existencia.

Si estás en un plano distinto, regresará al lugar en el que

la ataste y permanecerá allí hasta que el conjuro termine.

Con un espacio de conjuro de nivel superior. La duración

aumenta con un espacio de nivel 6 (10 días), 7 (30 días),

8 (180 días) y 9 (366 días).",pendiente,
Augurio,2,Nivel 2,Adivinación,clérigo; druida; mago,1 minuto o un ritual,Lanzador,"V, S, M (palitos, huesos, cartas u otros abalorios",Instantáneo,"marcados de forma especial que valgan al menos 25 po)

Obtienes un presagio de una entidad de otro mundo

sobre los resultados de un curso de acción que planees

llevar a cabo en los próximos 30 minutos. Tu DM elige

el presagio de la siguiente tabla.

PRESAGIOS

Presagio                Para los resultados que sean...

Fortuna                 Buenos

Desdicha                Malos

Fortuna y desdicha      Buenos y malos

Indiferencia            Ni buenos ni malos

El conjuro no tiene en cuenta las circunstancias que puedan

alterar los resultados, como lanzar otros conjuros.

Si lanzas el conjuro más de una vez antes de finalizar

un descanso largo, hay una posibilidad acumulativa del

25 % por cada lanzamiento después del primero de que

no recibas ninguna respuesta.",pendiente,
Aura de Pureza,4,Nivel 4,Abjuración,clérigo; paladín,Acción,Lanzador,V,"Concentración, hasta 10 minutos","Un aura surge de ti en una emanación de 9 m hasta que

el conjuro termine. Mientras permanezcáis dentro, tus

aliados y tú tenéis resistencia al daño de veneno y ventaja

en las tiradas de salvación para evitar o poner fin a efecto

que provoquen los estados de asustado, aturdido, cegado,

ensordecido, envenenado, hechizado o paralizado.",pendiente,
Aura de Vida,4,Nivel 4,Abjuración,clérigo; paladín,Acción,Lanzador,V,"Concentración, hasta 10 minutos","Un aura surge de ti en una emanación de 9 m hasta que el

conjuro termine. Mientras permanezcáis dentro, tus aliados

y tú tenéis resistencia al daño necrótico y no se podrán

reducir vuestros puntos de golpe máximos. Si un aliado con

0 puntos de golpe comienza su turno en el aura, recupera

1 punto de golpe.",pendiente,
Aura de Vitalidad,3,Nivel 3,Abjuración,clérigo; druida; paladín,Acción,Lanzador,V,"Concentración, hasta 1 minuto","Un aura surge de ti en una emanación de 9 m hasta que

el conjuro termine. Cuando creas el aura y al principio de

cada uno de tus turnos mientras dure, puedes restaurar

2d6 puntos de golpe a una criatura en su interior.",pendiente,
Aura Mágica de Nystul,2,Nivel 2,Ilusionismo,mago,Acción,Toque,"V, S, M (un pequeño cuadrado de seda)",24 horas,"Con un toque, aplicas una ilusión a una criatura voluntaria

o un objeto que no lleve ni vista nadie. Las criaturas

obtienen el efecto de enmascarar y los objetos, el efecto

de aura falsa, ambos descritos a continuación. El efecto

durará hasta que termine el conjuro. Si lanzas el conjuro

a diario sobre el mismo objetivo durante 30 días, la ilusión

permanece hasta que sea disipada.

Enmascarar (criaturas). Elige un tipo de criatura que no

sea el auténtico del objetivo. Los conjuros y otros efectos

mágicos tratan al objetivo como si fuese una criatura del

tipo elegido.

Aura falsa (objetos). Cambias la forma en la que el objetivo

se revela ante conjuros y efectos mágicos que detectan las

auras mágicas, como el de detectar magia. Puedes hacer que

un objeto no mágico parezca mágico, que un objeto mágico

parezca no mágico o cambiar el aura de un objeto para que

parezca pertenecer a una escuela mágica de tu elección.

s",pendiente,
Aura Sagrada,8,Nivel 8,Abjuración,clérigo,Acción,Lanzador,"V, S, M (un relicario que valga al menos","Concentración, hasta 1 minuto","1000 po)

Hasta que termine el conjuro, emites un aura en una

emanación de 9 m. Mientras permanezcan dentro, las

criaturas de tu elección tienen ventaja en todas las tiradas

de salvación y otras criaturas tienen desventaja en las

tiradas de ataque contra ellas. Además, cuando un infernal

o un muerto viviente acierte a una criatura afectada con

una tirada de ataque cuerpo a cuerpo, el atacante deberá

superar una tirada de salvación de Constitución o tendrá

el estado de cegado hasta el final de su siguiente turno.",pendiente,
Auxilio,2,Nivel 2,Abjuración,bardo; clérigo; druida; explorador; paladín,Acción,9 m,"V, S, M (una tira de tela blanca)",8 horas,"Elige hasta tres criaturas dentro del alcance. Los puntos

de golpe máximos y actuales de cada objetivo aumentan

en 5 hasta que termine el conjuro.

Con un espacio de conjuro de nivel superior. Los puntos

de golpe de cada objetivo aumentan en 5 adicionales por

cada nivel por encima de 2 que tenga el espacio.",pendiente,
Baile Irresistible de Otto,6,Nivel 6,Encantamiento,bardo; mago,Acción,9 m,V,"Concentración, hasta 1 minuto","Una criatura que puedas ver dentro del alcance debe

hacer una tirada de salvación de Sabiduría. Si la supera,

el objetivo bailará de forma cómica hasta el final de su

siguiente turno y utilizará todo su movimiento para bailar

en el sitio.

Si la falla, tendrá el estado de hechizado hasta que

el conjuro. Mientras esté hechizado, el objetivo baila

forma cómica, empleará todo su movimiento para bailar

en el sitio y tendrá desventaja en las tiradas de ataq

salvación de Destreza, y otras criaturas tendrán venta

las tiradas de ataque contra él. En cada uno de sus tu

el objetivo puede usar una acción para recuperar el co

y repetir la tirada de salvación. Si la supera, el con

termina.",pendiente,
Barrera de Cuchillas,6,Nivel 6,Evocación,clérigo,1 minuto o un ritual,9 m,"V, S, M (polvo de jade que valga al menos","Concentración, hasta 1 minuto Creas un muro de cuchillas giratorias hechas de energí mágica, que aparecerá dentro del alcance y durará hast que termine el conjuro. Creas un muro recto de hasta 30 m de longitud, 6 m de altura y 1,5 m de grosor o un muro circular de hasta 18 m de diámetro, 6 m de altura y 1,5 m de grosor. El muro proporciona cobertura tres cuartos y su espacio es terreno difícil. Cualquier criatura situada en el espacio del muro de hacer una tirada de salvación de Destreza; sufrirá 6d1 daño de fuerza si la falla o la mitad del daño si la s","Una criatura también deberá hacer la tirada si entra e

espacio del muro o termina su turno en él. Cada criatu

solo hace esta tirada una vez por turno.

RESOLUTIVO DEL CONJURO BOLA DE FUEGO.

termine

rá de      BENDICIÓN

Encantamiento de nivel 1 (clérigo, paladín)

ue y de

ja en      Tiempo de lanzamiento: Acción

rnos,      Alcance: 9 m

ntrol      Componentes: V, S, M (un símbolo sagrado que valga

juro         al menos 5 po)

Bendices hasta tres criaturas dentro del alcance. Siempre

que un objetivo haga una tirada de ataque o de salvación

antes de que termine el conjuro, sumará 1d4 al resultado

de dicha tirada.

Con un espacio de conjuro de nivel superior. Puedes hacer

objetivo a una criatura adicional por cada nivel por encima

de 1 que tenga el espacio.

a          BOCA MÁGICA

a

Ilusionismo de nivel 2 (bardo, mago)

10 po, que se consume como parte del conjuro)

berá       Duración: Hasta que sea disipado

0 de

upera.

n el

ra

Implantas un mensaje en un objeto dentro del alcance que

se pronunciará en voz alta cuando se cumpla la condición

de activación. Elige un objeto que puedas ver y que no

lleve ni vista nadie. Luego, di el mensaje, que debe tener

25 palabras o menos, aunque puede transmitirse en un

intervalo de hasta 10 minutos. Por último, determina la

circunstancia que activará el conjuro para que transmita

tu mensaje.

Cuando se produzca esa circunstancia, en el objeto

aparecerá una boca mágica que recitará el mensaje con tu

voz y al mismo volumen en el que lo dijiste tú. Si el objeto

elegido tiene boca o algo que se le parezca (por ejemplo,

la boca de una estatua), la boca mágica se formará allí,

de modo que las palabras parecerán salir de ella. Cuando

lanzas este conjuro, puedes hacer que el efecto termine

después de que transmita el mensaje o que permanezca

y repita dicho mensaje siempre que se produzca la

condición de activación.

La condición puede ser tan genérica o detallada como

quieras, aunque debe basarse en fenómenos visuales

o audibles que se produzcan a 9 m o menos del objeto.

Por ejemplo, podrías indicar que la boca hable cuando

cualquier criatura se acerque a 9 m o menos del objeto

o cuando una campana de plata suene a 9 m o menos de él.",pendiente,
Bola de Fuego,3,Nivel 3,Evocación,hechicero; mago,Acción,45 m,"V, S, M (una pelota de guano de murciélago",Instantáneo,"y azufre)

Una ráfaga brillante surge de ti hacia un punto de tu

elección dentro del alcance y luego estalla con un rugido

sordo en una explosión ardiente. Todas las criaturas

situadas en una esfera de 6 m de radio centrada en ese

punto harán una tirada de salvación de Destreza; sufrirán

8d6 de daño de fuego si la fallan o la mitad del daño si la

superan.

Los objetos inflamables dentro del área que no lleve

o vista nadie empezarán a arder.         mE

Con un espacio de conjuro de nivel superior. El daño

aumenta en 1d6 por cada nivel por encima de 3 que tenga

el espacio.",pendiente,
Bola de Fuego de Explosión Retardada,7,Nivel 7,Evocación,hechicero; mago,Acción,45 m,"V, S, M (una pelota de guano de murciélago","Concentración, hasta 1 minuto","y azufre)

Un rayo de luz amarilla surge de ti y se condensa en un

punto elegido dentro del alcance en forma de una cuenta

brillante hasta que termine el conjuro. Cuando el conjuro

termina, la cuenta explota y todas las criaturas en una

esfera de 6 m de radio centrada en ese punto hacen una

tirada de salvación de Destreza. Sufrirán una cantidad

de daño de fuego igual al daño total acumulado si fallan

la tirada o la mitad del daño si la superan.

El daño base del conjuro es 12d6 y aumenta en 1d6 siempre

que termine tu turno si el conjuro aún no ha terminado.

Si una criatura toca la cuenta brillante antes de que el

conjuro termine, esa criatura hará una tirada de salvación

de Destreza. Si la falla, el conjuro terminará y la cuenta

explotará. Si la supera, podrá lanzar la cuenta a una

distancia de 12 m o menos. Si la cuenta lanzada entra en

el espacio de una criatura o choca con un objeto sólido,

el conjuro termina y la cuenta explota.

Cuando estalle, todos los objetos inflamables dentro

dentro de la explosión que no lleve o vista nadie

empezarán a arder.

Con un espacio de conjuro de nivel superior. El daño base

aumenta en 1d6 por cada nivel por encima de 7 que tenga

el espacio.",pendiente,
Brazos de Hadar,1,Nivel 1,Conjuración,brujo,Acción,Lanzador,"V, S",Instantáneo,"Invocas a Hadar y unas extremidades surgen de ti. Todas

las criaturas en una emanación de 3 m que se origina en ti

deben hacer una tirada de salvación de Fuerza. Si la fallan,

sufrirán 2d6 de daño necrótico y no podrán llevar a cabo

reacciones hasta el principio de su siguiente turno. Si la

superan, solamente recibirán la mitad de ese daño.

Con un espacio de conjuro de nivel superior. El daño

aumenta en 1d6 por cada nivel por encima de 1 que tenga

el espacio.",ok,
Buenas Bayas,1,Nivel 1,Conjuración,druida; explorador,Acción,Lanzador,"V, S, M (una rama de muérdago)",24 horas,"En tu mano aparecen diez bayas, que están impregnadas de

magia hasta que termine el conjuro. Una criatura puede usar

una acción adicional para comerse una, lo que le permite

recuperar 1 punto de golpe. Además, la baya proporciona

alimento suficiente como para mantener a una criatura

durante 1 día.

Las bayas que no se consuman desaparecen cuando

el conjuro termine.",rechazado,
Burla Dañina,0,Truco,Encantamiento,bardo,Acción,18 m,V,Instantáneo,"Profieres una sarta de improperios mezclados con

encantamientos sutiles hacia una criatura que puedas

ver u oír dentro del alcance. El objetivo deberá super

una tirada de salvación de Sabiduría o recibirá 1d6 de

daño psíquico y tendrá desventaja en la próxima tirada

ataque que realice antes de que acabe su siguiente tur

Mejora de truco. El daño aumenta en 1d6 cuando

alcanzas los niveles 5 (2d6), 11 (3d6) y 17 (4d6).",ok,
Caída de Pluma,1,Nivel 1,Transmutación,bardo; hechicero; mago,"Reacción, que llevas a cabo cua",18 m,"V, M (una pluma pequeña o un poco",1 minuto,"tú una criatura que puedas ver a 18 m o menos de ti

de plumón)

250   CAPÍTULO 7        CONJUROS

LANZARLE INSULTOS MÁGICOS A UN KOBOLO.

¡A

Elige hasta cinco criaturas dentro del alcance que estén

cayendo. La velocidad de descenso de cada objetivo se

reduce a 18 m por asalto hasta que el conjuro termine.

Si una criatura aterriza antes de que el conjuro termine,

no sufrirá daño de la caída y el conjuro terminará para

esa criatura.",rechazado,
Caldero Burbujeante de Tasha,6,Nivel 6,Conjuración,brujo; mago,,"1,5 m",,Instantáneo,"10 minutos ar        Tiempo de lanzamiento: Acción de       Componentes: V, S, M (un cucharón bañado en oro que no.         valga al menos 500 po) Conjuras un caldero con patas de garra y lleno de un líquido burbujeante, que aparecerá en un espacio sin ocupar en el suelo a 1,5 m de ti y permanecerá hasta que termine el conjuro. El caldero no se puede mover y desaparece cuando termine el conjuro junto con el líquido que contiene. ndo         El líquido del caldero copia las propiedades de una caigáis   poción común o infrecuente que elijas (por ejemplo, de una poción de curación). Como acción adicional, un aliado o tú podéis meter la mano en el caldero y extraer una poción de ese tipo. La poción viene en un vial que desaparece tras consumirla. El caldero puede producir una cantidad de pociones de ese tipo igual a tu modificador por aptitud mágica (mínimo 1). Cuando se extrae la última poción del caldero, este desaparece y el conjuro termina. Las pociones obtenidas del caldero que no se consuman desaparecerán cuando vuelvas a lanzar el conjuro.",pendiente,
Calentar Metal,2,Nivel 2,Transmutación,bardo; druida,Acción,18 m,"V, S, M (un trozo de hierro y una llama)","Concentración, hasta 1 minuto","Elige un objeto metálico fabricado que puedas ver dentro

del alcance, como un arma de metal o una armadura

metálica media o pesada. Haces que el objeto se ponga al

rojo vivo. Cualquier criatura que esté en contacto físico

con el objeto recibirá 2d8 de daño de fuego cuando lances

el conjuro. Hasta que el conjuro termine, puedes usar una

acción adicional en cada uno de tus turnos posteriores para

volver a causar este daño si el objeto está dentro del alcan

Si una criatura sostiene o lleva puesto el objeto y recib

el daño de este, deberá superar una tirada de salvación

de Constitución o dejará caer el objeto si puede. Si no lo

deja caer, tendrá desventaja en las tiradas de ataque y las

pruebas de característica hasta el principio de tu siguiente

turno.

Con un espacio de conjuro de nivel superior. El daño

aumenta en 1d8 por cada nivel por encima de 2 que tenga

el espacio.

La

CALDERO BURBUJEANTE DE TASHA, PARA PRODUCIR",pendiente,
Una Poción Mágica Calmar Emociones,2,Nivel 2,Encantamiento,bardo; clérigo,Acción,18 m,"V, S","Concentración, hasta 1 minuto","Cada humanoide en una esfera de 6 m de radio centrada

en un punto que elijas dentro del alcance deberá superar

una tirada de salvación de Carisma o se verá afectado por

uno de los siguientes efectos (elige uno por cada criatura):

+ La criatura tiene inmunidad a los estados de asustada

y hechizada hasta que el conjuro termine. Si la criatura

ya estaba asustada o hechizada, se suprimen esos estados

hasta que el conjuro termine.

+ La criatura se vuelve indiferente hacia las criaturas

de tu elección hacia las que sea hostil. Esta indiferencia

termina si el objetivo recibe daño o si observa cómo

alguno de sus aliados resulta dañado. Cuando el conjuro

ce.     termine, la actitud de la criatura volverá a la normalidad.

e

Dos mAGos ENEMIGOS USAN CAMBIAR DE FORMA PARA

TRANSFORMARSE EN UN CONTEMPLADOR Y UN BEHIR

DURANTE UN COMBATE MÁGICO.",pendiente,
Cambiar de Forma,9,Nivel 9,Transmutación,druida; mago,Acción,Lanzador,"V, S, M (una diadema de jade que valga","Concentración, hasta 1 hora","al menos 1500 po)

Asumes la forma de otra criatura hasta que termine

el conjuro o hasta que uses una acción de magia para

adoptar otra forma para la que cumplas los requisitos.

La nueva forma debe ser la de una criatura con un valo

de desafío igual o menor a tu nivel o valor de desafío

Tienes que haber visto alguna criatura de ese tipo

y no puede ser un autómata ni un muerto viviente.

Cuando lanzas el conjuro, obtienes una cantidad de

puntos de golpe temporales igual a los puntos de golpe

de la primera forma que adoptes. Estos puntos de golpe

temporales se desvanecerán si conservas alguno cuando

el conjuro termine.

Tu perfil se sustituye por el de la forma elegida,

pero conservarás tu tipo de criatura, alineamiento,

personalidad, puntuaciones de Inteligencia, Sabiduría

y Carisma, puntos de golpe, dados de puntos de golpe,

competencias y capacidad para comunicarte. También

conservas el rasgo Lanzamiento de conjuros si lo tiene

Al cambiar de forma, eliges si tu equipo cae al suel

o cambia de tamaño y forma para adaptarse a tu nuevo

aspecto mientras lo adoptes.",pendiente,
Caminar Sobre el Agua,3,Nivel 3,Transmutación,clérigo; druida; explorador; hechicero,Acción o ritual,9 m,"V, S, M (un trozo de corcho)",1 hora,"Este conjuro concede la capacidad de moverse por encima

de cualquier superficie líquida, como agua, ácido, barro,

nieve, arenas movedizas o lava, como si se tratara de un

suelo sólido inofensivo (aunque las criaturas que crucen

r    lava derretida pueden seguir sufriendo daño por el calor).

.    Hasta diez criaturas voluntarias que elijas dentro del alcance

obtienen esta capacidad hasta que termine el conjuro.

Los objetivos afectados deben emplear una acción

adicional para pasar de la superficie del líquido al propio

líquido y viceversa, pero si caen en él, pasarán a través

de la superficie al líquido que hay debajo.",pendiente,
Campo Antimagia,8,Nivel 8,Abjuración,clérigo; mago,Acción,Lanzador,"V, S, M (virutas de hierro)","Concentración, hasta 1 hora","s.

o

Un aura de antimagia te envuelve en una emanación

de 3 m. Dentro de ella nadie puede lanzar conjuros,

emplear acciones de magia o crear otros efectos

mágicos, y estos efectos no pueden hacer objetivo

o afectar a nada de su interior. Las propiedades

mágicas de los objetos mágicos no funcionan dentro

del aura ni afectan a nada que esté en su interior.

Las áreas de efecto que crean los conjuros u otro tipo

de magia no pueden penetrar en el aura y nadie puede

teletransportarse ni usar el viaje interplanar para entrar

o salir de ella. Los portales se cierran de forma temporal

mientras estén dentro del aura.

Los conjuros activos se suprimen en la zona, salvo los

que lancen un artefacto o deidad. Mientras un efecto

está suprimido, no funciona, pero el tiempo que pasa

suprimido cuenta para su duración.

Disipar magia no tiene efecto en el aura, y las auras

que creadas por distintos conjuros campo antimagia

no se anulan entre sí.",pendiente,
Caparazón Antivida,5,Nivel 5,Abjuración,druida,Acción,Lanzador,"V, S","Concentración, hasta 1 hora","Un aura se extiende alrededor de ti en una emanación

de 3 m hasta que el conjuro termine. El aura impide que

las criaturas que no sean autómatas o muertos vivientes

penetren total o parcialmente en ella, pero sí que pueden

lanzar conjuros o realizar ataques con armas a distancia

o de gran alcance a través de la barrera.

Si tu movimiento obliga a que una criatura afectada

atraviese la barrera, el conjuro termina.",pendiente,
Carcaj Veloz,5,Nivel 5,Transmutación,explorador,Acción adicional,Lanzador,"V, S, M (una aljaba que valga al menos 1 po)","Concentración, hasta 1 minuto","Cuando lances el conjuro y como acción adicional hasta

que termine, puedes realizar dos ataques con un arma que

use flechas o virotes, como un arco largo o una ballesta

ligera. El conjuro crea mágicamente la munición necesaria

para cada ataque. Cada flecha o virote que cree el conjuro

inflige daño como si fuera munición no mágica de su tipo

y se desintegra inmediatamente después de acertar o fallar.

Los CONJUROS COMO RESPIRAR BAJO EL AGUA

Y CAMINAR SOBRE EL AGUA AYUDAN A VISITAR

LOS REINOS ACUÁTICOS.",pendiente,
Castigo Abrasador,1,Nivel 1,Evocación,paladín,"Acción adicional, que realizas de",Lanzador,V,1 minuto,"inmediato tras acertar a un objetivo con un arma cuerpo

a cuerpo o un ataque sin armas

Al golpear al objetivo, sufre 1d6 de daño de fuego adicional

del ataque. Al principio de cada uno de sus turnos hasta

que el conjuro termine, el objetivo sufrirá 1d6 de daño de

fuego y luego hará una tirada de salvación de Constitución.

Si la falla, el conjuro seguirá activo. Si la supera, el conjuro

terminará.

Con un espacio de conjuro de nivel superior. Todo el daño

aumenta en 1d6 por cada nivel por encima de 1 que tenga

el espacio.",ok,
Desata una Ira Sagrada Sobre Varios Melzoloths In Castigo Abrumador,4,Nivel 4,Encantamiento,paladín,"Acción adicional, que realizas",Lanzador,V,Instantáneo de inmediato tras acertar a una criatura con un arma cuerpo a cuerpo o un ataque sin armas El objetivo recibirá 4d6 de daño psíquico adicional de ataque y deberá superar una tirada de salvación de Sabiduría o tendrá el estado de aturdido hasta el fina de tu siguiente turno.,"Con un espacio de conjuro de nivel superior. El daño

adicional aumenta en 1d6 por cada nivel por encima

de 4 que tenga el espacio.",pendiente,
Castigo Atronador,1,Nivel 1,Evocación,paladín,"Acción adicional, que realizas",Lanzador,V,"Concentración, hasta 1 minuto de inmediato tras acertar a un objetivo con un arma cuerpo a cuerpo o un ataque sin armas 254   CAPÍTULO 7      | CONJUROS VINO Y. FERNALES. Tu golpe resuena con un trueno audible a 90 m de ti y el objetivo sufre 2d6 de daño de trueno adicional del ataque. Además, si el objetivo es una criatura, deberá superar una tirada de salvación de Fuerza o la empujarás 3 m respecto a ti y tendrá el estado de derribada.","Con un espacio de conjuro de nivel superior. El daño

aumenta en 1d6 por cada nivel por encima de 1 que tenga

el espacio.

l           CASTIGO BRILLANTE

Transmutación de nivel2 (paladín)

Tiempo de lanzamiento: Acción adicional, que realizas de

inmediato tras acertar a una criatura con un arma cuerpo

a cuerpo o un ataque sin armas

El objetivo del golpe recibe 2d6 de daño radiante adicional

del ataque. Hasta que el conjuro termine, el objetivo

emitirá luz brillante en un radio de 1,5 m, las tiradas de

ataque contra él tendrán ventaja y no podrá beneficiarse

del estado de invisible.

Con un espacio de conjuro de nivel superior. El daño

aumenta en 1d6 por cada nivel por encima de 2 que tenga

el espacio.",ok,
Castigo Cegador,3,Nivel 3,Evocación,paladín,"Acción adicional, que realizas",Lanzador,V,1 minuto,"de inmediato tras acertar a una criatura con un arma

cuerpo a cuerpo o un ataque sin armas

El objetivo del golpe sufrirá 3d8 de daño radiante adicional

del ataque y tendrá el estado de cegado hasta que el conjuro

termine. Al final de cada uno de sus turnos, el objetivo

cegado hará una tirada de salvación de Constitución y,

si tiene éxito, se librará del conjuro.

Con un espacio de conjuro de nivel superior. El daño

adicional aumenta en 1d8 por cada nivel por encima

de 3 que tenga el espacio.",pendiente,
Castigo Desterrador,5,Nivel 5,Conjuración,paladín,"Acción adicional, que realizas",Lanzador,V,"Concentración, hasta 1 minuto","de inmediato tras acertar a una criatura con un arma

cuerpo a cuerpo o un ataque sin armas

El objetivo de la tirada de ataque recibe 5d10 de daño de

fuerza adicional del ataque. Si el ataque reduce los puntos

de golpe del objetivo a 50 o menos, deberá superar una

tirada de salvación de Carisma o se teletransportará

a un semiplano inofensivo hasta que termine el conjuro.

Mientras permanezca allí, tendrá el estado de incapacitado.

Cuando el conjuro termine, el objetivo reaparecerá en

el espacio que abandonó o en el espacio sin ocupar más

cercano si dicho espacio está ocupado.",pendiente,
Castigo Divino,1,Nivel 1,Evocación,paladín,"Acción adicionál, que realizas",Lanzador,V,Instantáneo,"de inmediato tras acertar a un objetivo con un arma

cuerpo a cuerpo o un ataque sin armas

El objetivo sufre 2d8 de daño radiante adicional del ataque.

Este daño aumenta en 1d8 si el objetivo es un infernal o un

muerto viviente.

Con un espacio de conjuro de nivel superior. El daño

aumenta en 1d8 por cada nivel por encima de 1 que tenga

el espacio.",ok,
Castigo Furioso,1,Nivel 1,Nigromancia,paladín,"Acción adicional, que realizas",Lanzador,V,1 minuto,"de inmediato tras acertar a una criatura con un arma

cuerpo a cuerpo o un ataque sin armas

El objetivo sufrirá 1d6 de daño necrótico adicional del

ataque y deberá superar una tirada de salvación de

Sabiduría o tendrá el estado de asustado hasta que el

conjuro termine. Al final de cada uno de sus turnos,

el objetivo asustado repite la tirada de salvación y,

si tiene éxito, se librará del conjuro.

Con un espacio de conjuro de nivel superior. El daño

aumenta en 1d6 por cada nivel por encima de 1 que tenga

el espacio.",ok,
Cautiverio,9,Nivel 9,Abjuración,brujo; mago,1 minuto,9 m,"V, S, M (una estatuilla del objetivo que valga",Hasta que sea disipado,"al menos 5000 po)

Creas una restricción mágica para apresar a una criatura

que puedas ver dentro del alcance. El objetivo deberá hacer

una tirada de salvación de Sabiduría. Si la supera, el conjuro

no le afectará y será inmune a él durante las próximas

24 horas. Si la falla, quedará aprisionado. Mientras esté

aprisionado, el objetivo no necesitará respirar, comer ni

beber y tampoco envejecerá. Los conjuros de adivinación

no podrán localizar ni percibir al objetivo, que tampoco

podrá teletransportarse.

Hasta que el conjuro termine, el objetivo también se verá

afectado por uno de los siguientes efectos, a tu elección:

Contención mínima. El objetivo queda reducido a una

altura de 2,5 cm y atrapado dentro de una gema u otro

objeto similar, que es indestructible. La luz puede

atravesar la piedra preciosa (permitiendo que el

objetivo vea lo que hay fuera y las demás criaturas vean

lo que hay dentro), pero nada más puede atravesarla

de ninguna forma.

Encadenamiento. Unas cadenas firmemente ancladas

al suelo retienen al objetivo. El objetivo tiene el estado

de apresado y no hay ninguna forma de moverlo.

Entierro. El objetivo queda sepultado bajo tierra en un

globo hueco de fuerza mágica con un tamaño justo

como para contenerlo. Nada puede entrar ni salir

del globo.

Presidio cercado. El objetivo está atrapado en un

semiplano protegido contra la teletransportación

y el viaje interplanar. El semiplano puede ser un

laberinto, una jaula, una torre o una estructura similar.

Sueño. El objetivo tiene el estado de inconsciente y no se

le puede despertar.

Poner fin al conjuro. Cuando lances el conjuro, especifica

una condición que le ponga fin. Puede ser tan sencilla

o complicada como quieras, aunque tu DM debe estar

de acuerdo en que tenga una alta probabilidad de llegar

a ocurrir en la próxima década. La condición debe ser una

acción observable, como que alguien haga una ofrenda

concreta en el templo de tu dios, salve a tu amor verdadero

o derrote a un monstruo concreto.

Un conjuro disipar magia puede poner fin al conjuro

solamente si se lanza con un espacio de conjuro de nivel 9

y hace objetivo a la prisión o al componente usado para

crearla.",pendiente,
Cerradura Arcana,2,Nivel 2,Abjuración,mago,Acción,Toque,"V, S, M (polvo de oro que valga al menos",Hasta que sea disipado,"25 po, que se consume como parte del conjuro)

Tocas una puerta, ventana, portón, recipiente o trampilla

cerrados y se cierra mágicamente como con llave hasta

que el conjuro termine. Esta cerradura no puede abrirse

por medios no mágicos, pero tú y las criaturas que designes

cuando lanzas el conjuro podéis abrir y cerrar el objeto

a pesar de esta cerradura. También puedes elegir una

contraseña que, dicha en voz alta a 1,5 m o menos del objeto

lo desbloquea durante 1 minuto.",pendiente,
Círculo de Muerte,6,Nivel 6,Nigromancia,brujo; hechicero; mago,Acción,45 m,"V, S, M (una perla negra pulverizada que",Instantáneo,"valga al menos 500 po)

Una energía negativa se propaga en un radio de 18 m desde

un punto que elijas dentro del alcance. Todas las criaturas

situadas en la zona realizan una tirada de salvación de

Constitución; sufrirán 8d8 de daño necrótico si la fallan

o la mitad del daño si la superan.

Con un espacio de conjuro de nivel superior. El daño

aumenta en 2d8 por cada nivel por encima de 6 que tenga

el espacio.",pendiente,
Círculo de Poder,5,Nivel 5,Abjuración,clérigo; mago; paladín,Acción,Lanzador,V,"Concentración, hasta 10 minutos","Un aura surge de ti en una emanación de 9 m hasta que

el conjuro termine. Mientras permanezcáis dentro, tus

aliados y tú tendréis ventaja en las tiradas de salvación

contra conjuros y otros efectos mágicos. Cuando una

criatura afectada realice una tirada de salvación contra

un conjuro o un efecto mágico que le permita hacer una

tirada de salvación para recibir solo la mitad del daño,

no sufrirá daño si la supera.",pendiente,
Círculo de Teletransportación,5,Nivel 5,Conjuración,bardo; brujo; hechicero; mago,,3 m,"V, M (tintas inusuales que valgan al menos",Instantáneo,"1 asalto Tiempo de lanzamieñto: 1 minuto 50 po, que se consumen como parte del conjuro) Mientras lanzas el conjuro, trazas en el suelo un círculo de 1,5 m de radio en el cual inscribes sellos que vinculan tu ubicación con un círculo de teletransportación permanente de tu elección cuya secuencia de sellos conozcas y que esté en el mismo plano de existencia que tú. En el círculo dibujado aparecerá un portal brillante que permanecerá abierto hasta el final de tu siguiente turno. Cualquier criatura que entre en el portal aparecerá ,   instantáneamente a 1,5 m o menos del círculo de destino o en el espacio sin ocupar más cercano si ese está ocupado. Muchos grandes templos y casas gremiales, así como otros lugares importantes, cuentan con círculos de teletransportación permanentes. Cada uno incluye una secuencia de sellos única, una serie de runas dispuestas con un patrón concreto. La primera vez que obtienes la capacidad de lanzar este conjuro, aprendes las secuencias de sellos de dos destinos en el Plano Material a elección de tu DM. Durante tus aventuras, es posible que aprendas más secuencias de sellos. Puedes memorizar una nueva secuencia de sellos si la estudias durante 1 minuto. Si lanzas este conjuro a diario en el mismo lugar durante 365 días, puedes crear un círculo de teletransportación permanente.",pendiente,
Círculo Mágico,3,Nivel 3,Abjuración,brujo; clérigo; mago; paladín,1 minuto,3 m,"V, S, M (sal y plata en polvo que valga al",1 hora,"menos 100 po, que se consumen como parte del conjuro)

Creas un cilindro de energía mágica de 3 m de radio y 6 m

de altura centrado en un punto del suelo que puedas ver

dentro del alcance. En los puntos de intersección entre el

cilindro y el suelo o cualquier otra superficie aparecerán

unas runas brillantes.

Elige uno o más de los siguientes tipos de criaturas:

celestiales, elementales, feéricos, infernales o muertos

vivientes. El círculo afecta a una criatura del tipo elegido

de las siguientes formas:

+ La criatura no puede entrar voluntariamente en el

cilindro por medios no mágicos. Si la criatura intenta

usar el teletransporte o el viaje interplanar para hacerlo

antes deberá superar una tirada de salvación de Carisma.

+ La criatura tiene desventaja en las tiradas de ataque

contra objetivos que estén dentro del cilindro.

+ Los objetivos dentro del cilindro no pueden ser poseídos

por la criatura ni obtener los estados de asustados

o hechizados a causa de ella.

Cada vez que lances este conjuro, puedes hacer que su

magia funcione en sentido inverso para impedir que una

criatura del tipo especificado salga del cilindro y proteger

así a los objetivos que estén fuera de él.

Con un espacio de conjuro de nivel superior. La duración

aumenta en 1 hora por cada nivel por encima de 3 que

tenga el espacio.",pendiente,
Clarividencia,3,Nivel 3,Adivinación,bardo; clérigo; hechicero; mago,10 minutos,"1,5 km","V, S, M (un canalizador que valga al menos","Concentración, hasta 10 minutos","100 po; puede ser una trompetilla enjoyada o un ojo de

cristal)

Creas un sensor invisible dentro del alcance en un lugar

que conozcas (que hayas visitado o visto antes) o en un

lugar obvio, aunque no lo conozcas (por ejemplo, tras una

puerta, al girar una esquina o en una arboleda). Este sensor

intangible e invulnerable permanecerá allí hasta que el

conjuro termine.

Cuando lances el conjuro, elige la vista o el oído. Podrás

usar el sentido elegido como si estuvieras en el espacio del

sensor. Como acción adicional, puedes cambiar entre la

vista y el oído.

Cualquier criatura que pueda percibir el sensor

(por ejemplo, que se esté beneficiando del conjuro

ver invisibilidad o que tenga visión verdadera) verá un

orbe luminoso del tamaño aproximado de tu puño.",pendiente,
Clavo Mental,2,Nivel 2,Adivinación,brujo; hechicero; mago,Acción,36 m,S,"Concentración, hasta 1 hora","Introduces una púa de energía psiónica en la mente de una

criatura que puedas ver dentro del alcance. El objetivo

hace una tirada de salvación de Sabiduría; sufrirá 3d8 de

daño psíquico si la falla o la mitad del daño si la supera.

Además, si falla la tirada, conocerás en todo momento

la ubicación del objetivo hasta que el conjuro termine,

pero solo mientras los dos estéis en el mismo plano de

existencia. Mientras tengas este conocimiento, la criatura

no podrá ocultarse de ti y, si tiene el estado de invisible,

no se beneficiará de dicho estado contra ti.

Con un espacio de conjuro de nivel superior. El daño

aumenta en 1d8 por cada nivel por encima de 2 que tenga

el espacio.

,",pendiente,
Clon,8,Nivel 8,Nigromancia,mago,1 hora,Toque,"V, S, M (un diamante que valga al menos",Instantáneo,"1000 po, que se consume como parte del conjuro, y un

recipiente sellable que valga al menos 2000 po y sea lo

bastante grande como para alojar a la criatura que se clone)

Tocas a una criatura o al menos un cubo de su carne de

2,5 cm. Dentro del recipiente empleado para lanzar el

conjuro se crea un duplicado inerte de la criatura que

alcanza la madurez en 120 días; tú decides si el clon

terminado tiene la misma edad que la criatura o si es más

joven. El clon permanecerá inerte y durará indefinidamente,

siempre que su recipiente se mantenga intacto.

Si la criatura original muere después de que el clon

haya madurado, su alma se transferirá al clon si el alma

es libre y desea regresar. El clon es físicamente idéntico

al original, al igual que su personalidad, sus recuerdos

y sus capacidades, pero no posee nada de su equipo original.

Los restos mortales de la criatura original, si existen,

se volverán inertes y no podrán ser devueltos a la vida,

ya que el alma de la criatura está en otra parte.",pendiente,
Cofre Oculto de Leomund,4,Nivel 4,Conjuración,mago,Acción,Toque,"V, S, M (un cofre de con unas dimensiones",Hasta que sea disipado,"de 90 cm por 60 cm por 60 cm, construido de materiales

raros que valgan al menos 5000 po, así como una réplica

Diminuta hecha de los mismos materiales y que valga al

menos 50 po)

Ocultas un cofre y todo su contenido en el Plano Etére

Debes tocar el cofre y la réplica en miniatura que sir

como componente material del conjuro. El cofre puede

contener hasta 0,34 m* de material inerte (90 cm por

60 cm por 60 cm).

Mientras el cofre permanezca en el Plano Etéreo,

puedes usar una acción de magia y tocar la réplica par

recuperar dicho cofre, que aparecerá en un espacio sin

ocupar en el suelo a 1,5 m de ti. Puedes enviar el cof

regreso al Plano Etéreo usando una acción de magia par

tocar el cofre y la réplica.

Después de 60 días, hay una posibilidad acumulativa d

5% al final de cada día de que el efecto del conjuro t

El conjuro también termina si vuelves a lanzarlo o si

destruye la réplica Diminuta del cofre. Si el conjuro

y el cofre grande está en el Plano Etéreo, permanecerá

hasta que otra persona o tú lo encontréis.",pendiente,
Compulsión,4,Nivel 4,Encantamiento,bardo,Acción,9 m,"V, S","Concentración, hasta 1 minuto","Todas las criaturas de tu elección que puedas ver dent

del alcance deberán superar una tirada de salvación de

Sabiduría o tendrán el estado de hechizadas hasta que

el conjuro termine.

Mientras dure, puedes usar una acción adicional par

designar una dirección horizontal respecto a ti. Cada

criatura hechizada deberá usar todo el movimiento que

pueda para avanzar en esa dirección por la ruta más se

durante su próximo turno. Tras moverse de este modo,

un objetivo repite la tirada de salvación y, si tiene

se librará del conjuro.",pendiente,
Comunión,5,Nivel 5,Adivinación,clérigo,1 minuto o un ritual,27 m,"V, S, M (tres cáscaras de nuez)","Concentración, hasta 1 minuto Te pones en contacto con una deidad o con un represent divino y le haces hasta tres preguntas que se puedan responder con sí o no. Tienes que realizar las pregunt antes de que el conjuro termine y recibirás una respue correcta a cada una de ellas. Los seres divinos no tienen por qué ser omniscientes por lo que si la deidad no tiene información sobre lo preguntas, puede responderte “ambiguo”. En caso de que una respuesta de una sola palabra pudiera inducir a er o ser contraria a los intereses de la deidad, tu DM po ofrecer en su lugar una frase corta. Si lanzas el conjuro más de una vez antes de finaliz un descanso largo, hay una posibilidad acumulativa del 25 % por cada lanzamiento después del primero de que no recibas ninguna respuesta. o. ve        COMUNIÓN CON LA NATURALEZA Adivinación de nivel 5 (druida, explorador) a         Componentes: V, S re de     Comulgas con espíritus de la naturaleza y obtienes a         información sobre la zona circundante. En exteriores, el conjuro te proporciona información de la zona el        a 4,5 km a tu alrededor. En cavernas y otros entornos ermine.   naturales subterráneos, el radio se ve limitado a 90 m. se        El conjuro no funciona en lugares en los que la naturaleza termina   ha sido sustituida por construcciones, como castillos allí     y asentamientos.","Elige tres de los siguientes hechos, que aprenderás

según corresponda a la zona del conjuro:

+ Ubicaciones de asentamientos.

+ Ubicaciones de portales a otros planos de existencia.

+ La ubicación de una criatura con un valor de desafío

de 10 o más (a elección de tu DM) que sea celestial,

elemental, feérico, infernal o muerto viviente.

+ El tipo de planta, mineral o bestia más frecuente

(tú decides cuál).

ro        + Ubicaciones de masas de agua.

Por ejemplo, podrías determinar el paradero de un

monstruo poderoso en la zona y la ubicación de masas

de agua y de cualquier pueblo cercano.

a

CONFUSIÓN

gura      Encantamiento de nivel 4 (bardo, druida, hechicero, mago)

éxito,    Tiempo de lanzamiento: Acción

Todas las criaturas situadas en una esfera de 3 m de

radio centrada en un punto que elijas dentro del alcance

deberán superar una tirada de salvación de Sabiduría o no

podrán usar acciones adicionales ni reacciones y deberán

tirar 1d10 al principio de cada uno de sus turnos para

determinar su comportamiento ese turno. Para ello,

consulta la tabla que se muestra a continuación.

ante

1d10    Comportamiento del turno

as           1     Elobjetivo no usa ninguna acción y emplea todo

sta                su movimiento para desplazarse. Para determinar

la dirección, tira 1d4: con un 1, se moverá al norte;

,                  con un 2, al este; con un 3, al sur; con un 4, al oeste.

que le

2-6    El objetivo no se mueve ni realiza acciones.

ror         7-3    El objetivo no se mueve y emplea la acción de

dría               atacar para hacer un ataque cuerpo a cuerpo contra

una criatura aleatoria dentro de su alcance. Si no

ar                 hay ninguna dentro de su alcance, el objetivo no

hace ninguna acción.

9-10    El objetivo elige su comportamiento.

Al final de cada uno de sus turnos, un objetivo afectado

repite la tirada de salvación y, si tiene éxito, se librará

conjuro.

Con un espacio de conjuro de nivel superior. El radio

de la esfera aumenta en 1,5 m por cada nivel por encima

de 4 que tenga el espacio.",pendiente,
Conjurar Animales,3,Nivel 3,Conjuración,druida; explorador,Acción,18 m,"V, S","Concentración, hasta 10 minutos","Conjuras espíritus de la naturaleza que aparecen como

una manada Grande de animales espectrales e intangibles

en un espacio sin ocupar que puedas ver dentro del alcance.

La manada permanecerá hasta que el conjuro termine

y puedes elegir la forma animal de los espíritus, como lobos

serpientes O aves.

Tienes ventaja en las tiradas de salvación de Fuerza

mientras estés a 1,5 m o menos de la manada. Además,

cuando te muevas en tu turno, también podrás mover a la

manada hasta 9 m a un espacio sin ocupar que puedas ver.

Siempre que la manada se mueva a 3 m o menos de una

criatura que puedas ver y siempre que una criatura que

puedas ver entre en un espacio a 3 m o menos de la manada

o termine su turno allí, puedes obligar a la criatura a hace

una tirada de salvación de Destreza. Si la falla, recibirá

3d10 de daño cortante. Una criatura solo hace esta tirada

una vez por turno.

Con un espacio de conjuro de nivel superior. El daño

aumenta en 1d10 por cada nivel por encima de 3 que tenga

el espacio.",pendiente,
Conjurar Celestial,7,Nivel 7,Conjuración,clérigo,Acción,27 m,"V, S","Concentración, hasta 10 minutos","Conjuras un espíritu de los Planos Superiores, que se

manifiesta como un pilar de luz de 3 m de radio y 12 m

de alto centrado en un punto dentro del alcance. Por cada

criatura que puedas ver en el cilindro, elige qué tipo de lu

brilla sobre ella:

Luz abrasadora. El objetivo hace una tirada de salvación

de Destreza; sufrirá 6d12 de daño radiante si la falla

o la mitad del daño si la supera.

Luz sanadora. El objetivo recupera una cantidad de

puntos de golpe igual a 4d12 más tu modificador por

aptitud mágica.

Hasta que el conjuro termine, una luz brillante llena el

cilindro y, cuando te muevas en tu turno, también puedes

mover el cilindro hasta 9 m.

Siempre que el cilindro entre en el espacio de una criatura

del   que puedas ver y siempre que una criatura que puedas ver

entre en el cilindro o termine su turno en él, puedes bañar

a la criatura con una de las luces. Una criatura puede verse

afectada por este conjuro solo una vez por turno.

Con un espacio de conjuro de nivel superior. El daño y la

curación aumentan en 1d12 por cada nivel por encima de 7

que tenga el espacio.",pendiente,
Conjurar Descarga de Proyectiles,3,Nivel 3,Conjuración,explorador,Acción,Lanzador,"V, S, M (un arma cuerpo a cuerpo o a distancia",Instantáneo,"que valga al menos 1 pc)

Blandes el arma utilizada para lanzar el conjuro e invocas

,     versiones espectrales parecidas (o munición para el tipo

de arma correspondiente) que salen disparadas hacia

adelante y luego desaparecen. Todas las criaturas de tu

elección que puedas ver en un cono de 18 m hacen una

tirada de salvación de Destreza; sufrirán 5d8 de daño

de fuerza si la fallan o la mitad del daño si la superan.

Con un espacio de conjuro de nivel superior. El daño

aumenta en 1d8 por cada nivel por encima de 3 que tenga

el espacio.

r",pendiente,
Conjurar Elemental,5,Nivel 5,Conjuración,druida; mago,Acción,18 m,"V, S","Concentración, hasta 10 minutos","Invocas un espíritu Grande e intangible de los Planos

Elementales, que aparece en un espacio sin ocupar dentro.

del alcance. Elige el elemento del espíritu, que determina

su tipo de daño: agua (frío), aire (relámpago), fuego (fuego)

o tierra (trueno). El espíritu permanece hasta que el

conjuro termine.

Siempre que una criatura que puedas ver entre en el

espacio del espíritu o empiece su turno a 1,5 m o menos

de él, puedes obligarla a hacer una tirada de salvación de

Destreza si el espíritu no tiene ninguna criatura apresada.

z     Si la falla, el objetivo sufrirá 8d8 de daño del tipo del

espíritu y tendrá el estado de apresado hasta que el conjuro

termine. Al principio de cada uno de sus turnos, el objetivo

apresado repite la tirada de salvación. Si la falla, sufrirá

448 de daño del tipo del espíritu. Si la supera, dejará de

estar apresado por él.

Con un espacio de conjuro de nivel superior. El daño

aumenta en 2d8 por cada nivel por encima de 5 que tenga

el espacio.",pendiente,
Conjurar Elementales Menores,4,Nivel 4,Conjuración,druida; mago,Acción,Lanzador,"V, S","Concentración, hasta 10 minutos","Conjuras espíritus de los Planos Elementales que revolotean

a tu alrededor en una emanación de 4,5 m mientras dure

el conjuro. Hasta que el conjuro termine, cualquier ataque

que hagas causará 2d8 de daño adicional cuando aciertes

a una criatura dentro de la emanación. Ese daño será

de ácido, frío, fuego o relámpago (a tu elección cuando

ataques).

Además, el suelo incluido en la emanación se considerará

terreno difícil para tus enemigos.

Con un espacio de conjuro de nivel superior. El daño

aumenta en 2d8 por cada nivel por encima de 4 que tenga

el espacio.

MONSTRUOS CON CONO DE FRÍO.",pendiente,
Conjurar Feérico,6,Nivel 6,Conjuración,druida,Acción,18 m,"V, S","Concentración, hasta 10 minutos","Conjuras un espíritu Mediano de los Parajes Feéricos en

un espacio sin ocupar que puedas ver dentro del alcance.

El espíritu dura hasta que termine el conjuro y toma la forma

de una criatura feérica de tu elección. Cuando aparezca,

puedes hacer un ataque de conjuro cuerpo a cuerpo contra

una criatura a 1,5 m o menos de él. Si acierta, el objetivo

sufrirá una cantidad de daño psíquico igual a 3d12 más

tu modificador por aptitud mágica y tendrá el estado de

asustado hasta el principio de tu siguiente turno, y tanto

el espíritu como tú seréis el origen de su miedo.

Como acción adicional en tus siguientes turnos, puedes

teletransportar el espíritu a un espacio sin ocupar que

puedas ver a 9 m o menos del espacio que ocupaba antes

y hacer el ataque contra una criatura a 1,5 m o menos de él.

Con un espacio de conjuro de nivel superior. El daño

aumenta en 2d12 por cada nivel por encima de 6 que tenga

el espacio.",pendiente,
Conjurar Lluvia de Flechas,5,Nivel 5,Conjuración,explorador,Acción,45 m,"V, S, M (un arma cuerpo a cuerpo o a distancia",Instantáneo,"que valga al menos 1 pc)

Blandes el arma utilizada para lanzar el conjuro y eliges

un punto dentro del alcance. Cientos de duplicados

espectrales del arma (o munición para el tipo de arma

correspondiente) caen en una lluvia y luego desaparecen.

Todas las criaturas de tu elección que puedas ver dentro

de un cilindro de 12 m de radio y 6 m de altura centrado

en ese punto hacen una tirada de salvación de Destreza.

Sufrirán 8d8 de daño de fuerza si la fallan o la mitad del

daño si la superan.",pendiente,
Conjurar Seres del Bosque,4,Nivel 4,Conjuración,druida; explorador,Acción,Lanzador,"V, S","Concentración, hasta 10 minutos","Conjuras espíritus de la naturaleza que revolotean a tu

alrededor en una emanación de 3 m hasta que el conjuro

termine. Siempre que la emanación entre en el espacio de

una criatura que puedas ver y siempre que una criatura

que puedas ver entre en la emanación o termine su turno

allí, puedes obligar a la criatura a hacer una tirada de

salvación de Sabiduría. Sufrirá 5d8 de daño de fuerza si

la falla o la mitad del daño si la supera. Una criatura solo

hace esta tirada una vez por turno.

Además, hasta que termine el conjuro, puedes llevar

a cabo la acción de destrabarse como acción adicional.

Con un espacio de conjuro de nivel superior. El daño

aumenta en 1d8 por cada nivel por encima de 4 que tenga

el espacio.",pendiente,
Cono de Frío,5,Nivel 5,Evocación,druida; hechicero; mago,Acción,Lanzador,"V, S, M (un cono pequeño de cristal o vidrio)",Instantáneo,"Emites una ráfaga de aire helado. Todas las criaturas

situadas en un cono de 18 m que se origina en ti hacen una

tirada de salvación de Constitución; sufrirán 8d8 de daño

de frío si la fallan o la mitad de daño si la superan. Si un

criatura muere a causa de este conjuro, se convertirá en

una estatua congelada hasta que se descongele.

Con un espacio de conjuro de nivel superior. El daño

aumenta en 1d8 por cada nivel por encima de 5 que tenga

el espacio.",pendiente,
Conocer las Leyendas,5,Nivel 5,Adivinación,bardo; clérigo; mago,10 minutos,Lanzador,"V, S, M (incienso que valga al menos 250 po, Instantáneo que se consume como parte del conjuro, y cuatro tiras de marfil que valgan al menos 50 po)",Instantáneo,"que se consume como parte del conjuro, y cuatro tiras de

marfil que valgan al menos 50 po)

Nombra o describe a una persona, un lugar o un objeto

famosos. El conjuro traerá a tu mente un breve resumen

de la información relevante sobre lo nombrado, que

describe tu DM.

Esta información pueden ser detalles importantes,

revelaciones simpáticas o incluso conocimiento secreto

que no es de dominio público. Cuanta más información

tengas ya sobre esa cosa, más precisa y detallada será

la que consigas. La información será cierta, pero puede

estar disimulada bajo un lenguaje metafórico o poético,

a discreción de tu DM.

Si lo que has nombrado no es famoso, en su lugar

escucharás una musiquilla triste tocada con un trombón

y el conjuro fallará.",pendiente,
Consagrar,5,Nivel 5,Abjuración,clérigo,24 horas,Toque,"V, S, M (incienso que valga al menos",Hasta que sea disipado,"1000 po, que se consume como parte del conjuro)

Tocas un punto e impregnas una zona a su alrededor con

poder sagrado o impío. El área puede tener un radio de

hasta 18 m y el conjuro falla si el radio incluye cualquier

zona que ya esté bajo el efecto de consagrar. La zona

afectada tiene los siguientes efectos.

Protección sagrada. Elige cualquiera de los siguientes

tipos de criatura: aberración, celestial, elemental, feérico,

infernal o muerto viviente. Las criaturas de los tipos

elegidos no podrán entrar en la zona voluntariamente,

y cualquier criatura poseída o con los estados de asustada

o hechizada a causa de ellas dejarán de estarlo mientras

permanezcan en la zona.

Efecto adicional. Vinculas un efecto adicional de la

siguiente lista:

Coraje. Las criaturas de cualesquiera tipos que elijas no

podrán obtener el estado de asustadas dentro de la zona.

Descanso plácido. Los cadáveres enterrados en la zona

no se pueden convertir en muertos vivientes.

Don de lenguas. Las criaturas de cualesquiera tipos que

a     elijas se pueden comunicar con cualquier otra criatura

en la zona, aunque no compartan ningún idioma común.

Intromisión extradimensional. Las criaturas de cuales-

quiera tipos que elijas no pueden entrar en la zona ni sal

de ella usando el teletransporte o el viaje interplanar.

Luz del día. La zona se llena de luz brillante. La oscuridad

mágica creada por conjuros de niveles menores que el de

este conjuro no pueden extinguir la luz.

Oscuridad. La zona se llena de oscuridad. La luz normal

y la luz mágica creada por conjuros de niveles menores

que el de este conjuro no pueden iluminar la zona.

Resistencia. Las criaturas de cualesquiera tipos que

elijas tienen resistencia a un tipo de daño de tu elección

dentro de la zona.

Silencio. Ningún sonido puede salir de la zona ni penetrar

en ella,

Terror. Las criaturas de cualesquiera tipos que elijas

tienen el estado de asustadas dentro de la zona.

Vulnerabilidad. Las criaturas de cualesquiera tipos que

elijas tienen vulnerabilidad a un tipo de daño de tu

elección dentro de la zona.",pendiente,
Contactar con Otro Plano,5,Nivel 5,Adivinación,brujo; mago,1 minuto o un ritual,Lanzador,V,1 minuto,"Contactas mentalmente con un semidiós, el espíritu de

un erudito muerto hace tiempo o cualquier otra entidad

ilustrada de otro plano. Contactar con esta inteligencia

CLIMA PARA SALVAR UN PUEBLO DE UNA TORMENTA

DESTRUCTIVA

dl

tr,

sobrenatural puede hacer añicos tu mente. Cuando lances

ir   este conjuro, haz una tirada de salvación de Inteligencia

con CD 15. Si superas la tirada, puedes hacerle a la entidad

hasta cinco preguntas, que debes realizar antes de que

el conjuro termine. Tu DM responderá a cada pregunta

con una sola palabra, como “sí”, “no”, “puede”, “nunca”,

“irrelevante” o “ambiguo” (si la entidad no conoce la

respuesta a la pregunta). Si una respuesta de una sola

palabra pudiera inducir a error, tu DM podría ofrecer

en su lugar una frase corta.

Si fallas la tirada, sufrirás 6d6 de daño psíquico y tendrás

el estado de incapacitado hasta que finalices un descanso

largo. Si te lanzan un conjuro restablecimiento mayor,

el efecto acabará.",pendiente,
Contagio,5,Nivel 5,Nigromancia,clérigo; druida,Acción,Toque,"V, S",7 días,"Tu toque causa un contagio mágico. El objetivo debe

superar una tirada de salvación de Constitución o sufrirá

11d8 de daño necrótico y tendrá el estado de envenenado.

Además, elige una característica cuando lances el conjuro.

Mientras esté envenenado, el objetivo tendrá desventaja

en las tiradas de salvación que haga con la característica

elegida.

El objetivo deberá repetir la tirada de salvación al final

de cada uno de sus turnos hasta que la supere o la falle tre

veces. Si supera tres de estas tiradas, el conjuro terminará

para el objetivo, pero si falla tres tiradas, el conjuro le

durará 7 días.

Cuando el objetivo envenenado reciba un efecto que

fuera a poner fin al estado de envenenado, deberá superar

una tirada de salvación de Constitución o el estado de

envenenado no terminará.",pendiente,
Contingencia,6,Nivel 6,Abjuración,mago,10 minutos,Lanzador,"V, S, M (una estatuilla de ti tallada y decorad",10 días,"con gemas que valga al menos 1500 po)

Elige un conjuro de nivel 5 o inferior que puedas lanzar,

que tenga un tiempo de lanzamiento de una acción y que te

permita elegirte como objetivo. Lanzas el conjuro (llamado

“conjuro contingente”) como parte del lanzamiento de

contingencia y gastas los espacios de conjuro de ambos,

pero el conjuro contingente no tiene efecto en ese momento,

sino que se activa cuando se produce una condición

determinada. Describes esa condición cuando lanzas los dos

conjuros. Por ejemplo, si lanzas contingencia junto a respir

bajo el agua, podrías decir que respirar bajo el agua tenga

efecto cuando te sumerjas en agua o en un líquido similar.

El conjuro contingente tiene efecto inmediatamente

después de que se produzca la condición por primera vez,

tanto si quieres como si no, y después termina el conjuro

contingencia.

El conjuro contingente solo tiene efecto sobre ti,

aunque normalmente pudieras elegir como objetivo

a otros. Solo puedes tener un conjuro contingencia activo

al mismo tiempo. Si vuelves a lanzarlo, terminará el

efecto de cualquier otro conjuro contingencia que tengas.

Asimismo, contingencia termina si dejas de tener contigo

su componente material.",pendiente,
Contorno Borroso,2,Nivel 2,Ilusionismo,hechicero; mago,Acción,Lanzador,V,"Concentración, hasta 1 minuto","Tu cuerpo se vuelve borroso. Hasta que termine el

conjuro, todas las criaturas tendrán desventaja en las

tiradas de ataque contra ti. Un atacante es inmune a

este efecto si te percibe mediante visión ciega o visión

verdadera.

s",pendiente,
Contrahechizo,3,Nivel 3,Abjuración,brujo; hechicero; mago,"Reacción, que llevas a cabo",18 m,S,Instantáneo,"cuando una criatura que puedas ver a 18 m o menos

de ti lance un conjuro usando componentes verbales,

somáticos o materiales

Intentas interrumpir a una criatura que esté lanzando

un conjuro. La criatura hace una tirada de salvación de

Constitución. Si la falla, el conjuro se disipa sin causar

efecto alguno y la acción, acción adicional o reacción

a    empleada para lanzarlo se desperdiciará. Si ese conjuro

se lanzó con un espacio de conjuro, dicho espacio no se            l

gastará.",pendiente,
Controlar Agua,4,Nivel 4,Transmutación,clérigo; druida; mago,Acción,90 m,"V, S, M (una mezcla de agua y polvo)","Concentración, hasta 10 minutos","ar   Hasta que el conjuro termine, controlas cualquier masa

de agua que esté en un área de tu elección y con forma de

cubo de hasta 30 m de lado, y usas uno de los siguientes

efectos. Como acción de magia en tus siguientes turnos,

puedes repetir el mismo efecto o elegir uno distinto.

Abrir las aguas. Haces que las aguas de la zona se

separen y creen un canal, que se extiende a lo largo               '

de toda el área del conjuro, con las aguas separadas               |

formando un muro a ambos lados. El canal se mantendrá

hasta que el conjuro termine o hasta que elijas un efecto

distinto. Posteriormente, el agua irá llenando el canal

lentamente durante el siguiente asalto hasta recuperar

su nivel normal.

Inundación. Haces que el nivel del agua estancada de la

zona aumente hasta 6 m. Si eliges una zona en una masa

de agua grande, en vez de eso, creas una ola de 6 m de

altura que se desplaza de un lado de esa zona a la otra

y luego rompe. Cualquier vehículo Enorme o más pequeño

que esté en el recorrido de la ola será transportado hasta

el otro lado y también tendrá un 25 % de probabilidades

de volcar.

El nivel del agua permanecerá elevado hasta que el

conjuro termine o hasta que elijas un efecto distinto.

Si este efecto ha producido una ola, esta se repetirá al

principio de tu siguiente turno mientras dure el efecto

de la inundación.

|           Redirigir caudal. Haces que un caudal de agua en

se mueva en la dirección que elijas, incluso si ti

fluir por encima de obstáculos, subir muros o toma

|         rumbos extraños. El agua de la zona se moverá segú

instrucciones, pero una vez salga del área del con

volverá a fluir de forma normal en función del ter

El agua seguirá moviéndose en la dirección que hay

elegido hasta que el conjuro termine o hasta que e

un efecto distinto.

Remolino. Provocas que se forme un remolino en e

centro del área, que debe ser un cuadrado de al me

15 m de lado y 7,5 m de profundidad. El remolino

permanece hasta que elijas un efecto distinto o te

el conjuro. El remolino tiene 1,5 m de ancho en su

base y hasta 15 m en la parte superior, con una al

de 7,5 m. Cualquier criatura que esté en el agua a

o menos del remolino será atraída 3 m hacia él. Cu

una criatura entre en el remolino por primera vez

turno o termine su turno allí, hará una tirada de

de Fuerza. Si la falla, la criatura recibirá 2d8 d

contundente. Si la supera, recibirá la mitad de da

Una criatura solo puede alejarse nadando del remol

si usa primero una acción para apartarse y supera

prueba de Fuerza (Atletismo) contra tu CD de salva

de conjuros.",pendiente,
Controlar el Clima,8,Nivel 8,Transmutación,clérigo; druida; mago,1 minuto o un ritual,9 m,"V, S",1 hora,"Hasta que termine el conjuro, asumes el control de

a7,5 km o menos de ti. Debes estar al aire libre p

este conjuro y terminará antes de tiempo si entras

zona cubierta.

Cuando lanzas el conjuro, cambias las condicione

climatológicas actuales, que determinará tu DM.

Puedes cambiar las precipitaciones, la temperatura

y el viento. Se tardan 1d4 x 10 minutos en que las

condiciones surtan efecto. En cuanto lo hagan, pue

volver a cambiarlas. Cuando el conjuro termine, el

volverá poco a poco a su estado normal.

Cuando cambies las condiciones meteorológicas, b

un estado en las tablas siguientes y modifica su n

en uno, arriba o abajo. Si cambias el viento, tamb

puedes alterar su dirección.

PRECIPITACIONES

Nivel   Estado

1     Despejado

Nubes escasas

wn

Cielo cubierto o niebla de superficie

Lluvia, granizo o nieve

aa

Lluvia torrencial, tormenta de granizo o

la zona

ene que

r otros

n tus

juro,

reno.

as

lijas

nos

rmine

tura

7,5 m

ando

en un

salvación

e daño

ño.

ino

una

ción

CORCEL FANTASMA

TEMPERATURA                     VIENTO

Nivel   Estado                 Nivel   Estado

l clima          1     Ola de calor             1     Calmo

ara lanzar

2     Caliente                 2     Viento moderado

en una

3     Templado                 3     Viento fuerte

s               4      Fresco                  4      Galerna

S     Frío                     5     Tempestad

nuevas          6     Frío extremo

des

clima

CORCEL FANTASMA

usca         Ilusionismo de nivel 3 (mago)

ivel

ién

Una criatura equina cuasi real de tamaño Grande aparece

en un espacio sin ocupar de tu elección dentro del alcance.

Tú decides su aspecto y estará equipada con una silla,

bocado y bridas. Cualquier equipo creado por el conjuro

se desvanecerá en una bocanada de humo si se lleva a más

de 3 m de la montura.

ventisca

Hasta que termine el conjuro, tú o una criatura de tu

elección podéis montar el corcel. El corcel utiliza el perfi

del caballo de monta (consulta el apéndice B), excepto

que tiene una velocidad de 30 m y puede desplazarse

a 20 km/h. Cuando el conjuro termina, el corcel se

desvanece gradualmente, lo que da al jinete 1 minuto

para desmontar. El conjuro termina antes si el corcel

recibe daño.",pendiente,
Cordón de Flechas,2,Nivel 2,Transmutación,explorador,Acción,Toque,"V, S, M (una trenza ornamental)",8 horas,"Tocas hasta cuatro flechas o virotes no mágicos y los

clavas en el suelo dentro de tu espacio. Hasta que el

conjuro termine, la munición no podrá extraerse por la

fuerza, y siempre que una criatura que no seas tú entre en

un espacio a 9 m o menos de la munición por primera vez

en un turno o termine su turno allí, uno de los proyectiles

saldrá volando para atacarla. La criatura deberá superar

una tirada de salvación de Destreza o sufrirá 2d4 de

daño perforante. A continuación, el proyectil se destruye.

El conjuro termina cuando no quede munición clavada en

el suelo.

Cuando lanzas este conjuro, puedes designar criaturas

de tu elección para que el conjuro las ignore.

Con un espacio de conjuro de nivel superior. La cantidad

de munición que puedes hechizar aumenta en 2 por cada

nivel por encima de 2 que tenga el espacio.",pendiente,
Corona de la Locura,2,Nivel 2,Encantamiento,bardo; brujo; hechicero; mago,1 minuto,9 m,"V, S, M (un pincel)",Especial,"Una criatura que puedas ver dentro del alcance

deberá superar una tirada de salvación de Sabiduría

o tendrá el estado de hechizada hasta que termine el

conjuro. Si no es humanoide, la criatura tiene éxito

automáticamente.

Una corona espectral aparece sobre la cabeza del

objetivo hechizado, que debe usar su acción antes de

moverse cada turno para realizar un ataque cuerpo

a cuerpo contra una criatura que elijas mentalmente

y que no sea él mismo. El objetivo puede actuar con

normalidad en su turno si no eliges ninguna criatura

o no tiene ninguna a su alcance. El objetivo repetirá la

tirada de salvación al final de cada uno de sus turnos y,

si tiene éxito, se librará del conjuro.

En tus siguientes turnos, debes realizar la acción de

magia para mantener el control sobre el objetivo o el

conjuro terminará.

l   CREACIÓN

Ilusionismo de nivel 5 (hechicero, mago)

Tomas hebras de sombra del Páramo Sombrío para

crear un objeto dentro del alcance. Puede ser un objeto

de materia vegetal (tela, cuerda, madera o algo similar)

o mineral (piedra, cristal, metal o algo similar). El objeto

no puede ser mayor que un cubo de 1,5 m de lado y debe

tener una forma y un material que hayas visto.

La duración del conjuro depende del material del objeto,

como se muestra en la tabla “Materiales”. Si el objeto

está compuesto de varios materiales, su duración será la

menor. Si se usa cualquier objeto creado con este conjuro

como componente material de otro conjuro, este último

fallará.

MATERIALES

Material                        Duración

Materia vegetal                24 horas

Piedra o cristal               12 horas

Metales preciosos              1 hora

Gemas                          10 minutos

Adamantina o mithral            1 minuto

Con un espacio de conjuro de nivel superior. El tamaño

del cubo aumenta en 1,5 m por cada nivel por encima de 5

que tenga el espacio.",pendiente,
Crear Comida y Agua,3,Nivel 3,Conjuración,clérigo; paladín,Acción,9 m,"V, S",Instantáneo,"Creas 22,5 kg de comida y 120 1 de agua potable en el suelo

o en recipientes dentro del alcance, ideales para evitar los

peligros de la desnutrición y la deshidratación. La comida

es sosa pero nutritiva y tiene el aspecto de una comida de

tu elección, mientras que el agua está limpia. La comida se

estropea si no se consume en 24 horas.",pendiente,
Crear Llama,0,Truco,Conjuración,druida,Acción adicional,Lanzador,"V, S",10 minutos,"En tu mano aparece una llama titilante, que permanece

hasta que termine el conjuro. En tu mano, la llama no

genera calor, no puede quemar nada y emite una luz

brillante en un radio de 6 m y luz tenue 6 m más allá.

El conjuro termina si lo vuelves a lanzar.

Hasta que el conjuro termine, puedes usar una acción

de magia para arrojar la llama a una criatura u objeto

a 18 m o menos de ti. Haz un ataque de conjuro a dista

Si acierta, el objetivo recibe 148 de daño de fuego.

Mejora de truco. El daño aumenta en 1d8 cuando

alcanzas los niveles 5 (2d8), 11 (3d8) y 17 (4d8).",rechazado,se podria hacer lo mismo con descarga de fuego
Crear Muerto Viviente,6,Nivel 6,Nigromancia,brujo; clérigo; mago,1 minuto,3 m,"V, S, M (un ónice negro que valga al meno",Instantáneo,"150 po por cada cadáver)

Solo puedes lanzar este conjuro por la noche. Elige

hasta tres cadáveres de humanoides de tamaño Mediano

o Pequeño dentro del alcance. Cada uno se convierte en

un gul bajo tu control (consulta su perfil en el Manua

de monstruos).

Como acción adicional en cada uno de tus turnos,

puedes dar órdenes mentalmente a cada criatura que

hayas animado con el conjuro que esté a 36 m o menos

de ti (si controlas a varias criaturas, puedes dar órd

a cualesquiera de ellas a la vez transmitiéndole la mi

orden a cada una). Tú decides qué acción llevará a cab

la criatura y adónde se moverá en su siguiente turno,

o puedes dar una orden general, como proteger un lugar

en concreto. Si no das ninguna orden, la criatura hace

acción de esquivar y solo se mueve para evitar peligro

En cuanto se le dé una orden, la criatura la cumplirá

hasta completar su tarea.

La criatura estará bajo tu control durante 24 horas,

las cuales dejará de obedecer cualquier orden que le h

dado. Para mantener el control sobre ella otras 24 hor

deberás volver a lanzarle este conjuro antes de que

acabe el periodo actual de 24 horas. Este uso del conj

refuerza tu control sobre hasta tres criaturas que hay

animado con él y no anima nuevas criaturas.

Con un espacio de conjuro de nivel superior. Si usas

espacio de conjuro de nivel 7, puedes animar o reforza

el control sobre cuatro gules. Si usas un espacio de

conjuro de nivel 8, puedes animar o reforzar el contro

sobre cinco gules o dos ghasts o tumularios. Si usas u

espacio de conjuro de nivel 9, puedes animar o reforza

control sobre seis gules, tres ghasts o tumularios o d

momias. Consulta sus perfiles en el Manual de monstruo",pendiente,
Crear o Destruir Agua,1,Nivel 1,Transmutación,clérigo; druida,Acción,9 m,"V, S, M (una mezcla de agua y arena)",Instantáneo,"Produces uno de estos efectos:

Crear agua. Creas hasta 40 1 de agua limpia dentro del

alcance en un recipiente abierto. Como alternativa, el

agua cae en forma de lluvia en un cubo de 9 m de lado

dentro del alcance y apaga las llamas abiertas de la zona.

Destruir agua. Destruyes hasta 40 1 de agua dentro del

alcance en un recipiente abierto. Como alternativa,

ncia.

puedes destruir niebla en un cubo de 9 m de lado dentro

del alcance.

Con un espacio de conjuro de nivel superior. Creas

o destruyes 40 1 más de agua o el tamaño del cubo aumenta

en 1,5 m por cada nivel por encima de 1 que tenga el

espacio.",ok,
Crecimiento Espinoso,2,Nivel 2,Transmutación,druida; explorador,Acción (sobrecrecimiento),45 m,"V, S",Instantáneo,"s

Del suelo en una esfera de 6 m de radio centrada en

l       un punto dentro del alcance brotan espinas y pinchos.

La zona se vuelve terreno difícil hasta que termine

el conjuro. Cuando una criatura entra en la zona o se

desplaza por ella, recibe 2d4 de daño perforante por cada

1,5 m que avanza.

enes      La transformación del suelo se camufla, de forma que

sma     parece natural. Cualquier criatura que no pueda ver la

o       zona cuando se lanza el conjuro deberá emplear una

acción de buscar y superar una prueba de Sabiduría

(Percepción o Supervivencia) contra tu CD de salvación

la     de conjuros para reconocer que el terreno es peligroso

s.      antes de adentrarse en él.

tras   CRECIMIENTO VEGETAL

ayas    Transmutación de nivel 3 (bardo, druida, explorador)

as,

u 8 horas (fertilización)

uro

as

un

r       Este conjuro infunde vitalidad en las plantas. El tiempo

de lanzamiento que uses determina si el conjuro tiene

l       un efecto de sobrecrecimiento o de enriquecimiento,

n       descritos a continuación.

r el

os

s.

Sobrecrecimiento. Elige un punto dentro del alcance.

Todas las plantas en una esfera de 30 m de radio centrada

en ese punto se volverán gruesas y frondosas. Una criatura

que atraviese esa área deberá gastar 4 m de movimiento

por cada metro que se mueva. Puedes excluir una o más

zonas de cualquier tamaño dentro del área del conjuro

para que no se vean afectadas.

Fertilización. Todas las plantas en un radio de 750 m

centrado en un punto dentro del alcance estarán

fertilizadas durante 365 días y producirán el doble de

comida al recolectarlas. Solo podrán beneficiarse de un

crecimiento vegetal cada año.",pendiente,
Cuchillo de Hielo,1,Nivel 1,Conjuración,druida; hechicero; mago,Acción,18 m,"S, M (una gota de agua o un trozo de hielo)",Instantáneo,"Creas una esquirla de hielo y se la lanzas a una criatura

dentro del alcance. Haz un ataque de conjuro a distancia

contra el objetivo. Si acierta, el objetivo recibe 1d10 de

daño perforante. Acierte o falle, el fragmento explotará.

El objetivo y todas las criaturas a 1,5 m menos de él

deberán superar una tirada de salvación de Destreza

orecibirán 2d6 de daño de frío.

Con un espacio de conjuro de nivel superior. El daño de

frío aumenta en 1d6 por cada nivel por encima de 1 que

tenga el espacio.",ok,
Curar,6,Nivel 6,Abjuración,clérigo; druida,Acción,18 m,"V, S",Instantáneo,"Elige a una criatura que puedas ver dentro del alcance.

Una energía positiva la recorre y hace que recupere

70 puntos de golpe. El conjuro también elimina los estados

de cegado, ensordecido y envenenado del objetivo.

Con un espacio de conjuro de nivel superior. La curación

aumenta en 10 por cada nivel por encima de 6 que tenga

el espacio.",pendiente,
Curar en Masa,9,Nivel 9,Abjuración,clérigo,Acción,18 m,"V, S",Instantáneo,"De ti brota una oleada de energía curativa que envuelve

alas criaturas que te rodean. Haces recuperar hasta

700 puntos de golpe, repartidos como tú escojas entre

cualquier cantidad de criaturas que puedas ver dentro

Cucmitto

Y          DE HIELO

del alcance. Las criaturas sanadas con este conjuro

también se libran de los estados de cegadas, ensordecidas

y envenenadas.",pendiente,
Curar Heridas,1,Nivel 1,Abjuración,,Acción                                        |,Toque,"V, S                                                    |",Instantáneo,"paladín)

Una criatura a la que toques recupera una cantidad

de puntos de golpe igual a 2d8 más tu modificador por                |

aptitud mágica.                                                      ]

Con un espacio de conjuro de nivel superior. La curación

aumenta en 2d8 por cada nivel por encima de 1 que tenga

el espacio.",ok,
Curar Heridas en Masa,5,Nivel 5,Abjuración,bardo; clérigo; druida,Acción,18 m,"V, S",Instantáneo,"Una ola de energía curativa brota de un punto que puedas

ver dentro del alcance. Elige a hasta seis criaturas en

una esfera de 9 m de radio centrada en ese punto. Cada

objetivo recupera una cantidad de puntos de golpe igual

a 5d8 más tu modificador por aptitud mágica.

Con un espacio de conjuro de nivel superior. La curación

aumenta en 1d8 por cada nivel por encima de 5 que tenga

el espacio.",pendiente,
Dañar,6,Nivel 6,Nigromancia,clérigo,Acción,18 m,"V, S",Instantáneo,"Desatas una magia virulenta sobre una criatura que

puedas ver dentro del alcance. El objetivo hace una ti

de salvación de Constitución. Si la falla, sufre 14d6

daño necrótico y sus puntos de golpe máximos se reduce

en una cantidad igual al daño necrótico recibido. Si l

supera, recibirá solo la mitad de daño. Este conjuro n

puede reducir los puntos de golpe máximos del objetivo

a menos de 1.",pendiente,
De la Carne a la Piedra,6,Nivel 6,Transmutación,druida; hechicero; mago,Acción,18 m,"V, S, M (una pluma de cocatriz)","Concentración, hasta 1 minuto","Intentas convertir en piedra a una criatura que puedas

ver dentro del alcance. El objetivo hace una tirada de

salvación de Constitución. Si la falla, tendrá el esta

de apresado hasta que el conjuro termine. Si la supera

su velocidad será O hasta el principio de tu siguiente

turno. Los autómatas superan automáticamente la tirada

de salvación.

Un objetivo apresado realiza otra tirada de salvació

de Constitución al final de cada uno de sus turnos. Si

supera tres veces, el conjuro termina. Si la falla tre

se convierte en piedra y sufre el estado de petrificad

hasta que termine el conjuro. Los éxitos y los fallos

tienen por qué ser consecutivos: lleva la cuenta de am

hasta que el objetivo tenga tres de un mismo tipo.

Si mantienes la concentración en este conjuro durant

toda su duración posible, el objetivo tendrá el estado

petrificado hasta que un conjuro restablecimiento mayo

u otro efecto mágico similar le ponga fin.",pendiente,
Dedo de la Muerte,7,Nivel 7,Nigromancia,brujo; hechicero; mago,Acción,18 m,"V, S",Instantáneo,"Desatas una energía negativa hacia una criatura que

puedas ver dentro del alcance. El objetivo hace una ti

de salvación de Constitución; sufrirá 748 + 30 de daño

necrótico si la falla o la mitad del daño si la supera

Si un humanoide muere a causa de este conjuro, se

alzará al principio de tu siguiente turno como un zomb

(consulta el apéndice B) y seguirá tus órdenes verbale",pendiente,
Descarga de Fuego,0,Truco,Evocación,hechicero; mago,Acción,36 m,"V, S",Instantáneo,"Arrojas una mota de fuego a una criatura u objeto dentro

rada       del alcance. Haz un ataque de conjuro a distancia contra

de         el objetivo. Si acierta, el objetivo recibe 1d10 de daño de

n          fuego. Los objetos inflamables a los que acierte el conjuro

a          empezarán a arder si nadie los lleva o viste.

o            Mejora de truco. El daño aumenta en 1d10 cuando

alcanzas los niveles 5 (210), 11 (3d10) y 17 (4d10).",ok,
Descarga Sobrenatural,0,Truco,Evocación,brujo,Acción,Lanzador,V,Instantáneo,"Lanzas un rayo de energía chisporroteante. Haz un ataque

de conjuro a distancia contra una criatura u objeto dentro

del alcance. Si acierta, el objetivo recibe 1d10 de daño de

do         fuerza.

,            Mejora de truco. El conjuro crea dos rayos a nivel 5,

tres rayos a nivel 11 y cuatro rayos a nivel 17. Puedes

dirigir los rayos al mismo objetivo o a objetivos distintos.

Realiza una tirada de ataque por separado para cada rayo.

n

la

s veces,   Deseo

a          Conjuración de nivel 9 (hechicero, mago)

no

bos

e

de

r          Deseo es el conjuro más poderoso que puede lanzar un

mortal. Solo con decirlo en voz alta, puedes alterar la

propia realidad.

El uso básico de este conjuro es duplicar cualquier otro

conjuro de nivel 8 o inferior. Si lo usas de esta forma,

no necesitas cumplir ningún requisito de dicho conjuro,

incluido cualquier componente costoso. El conjuro

simplemente surte efecto.

Como alternativa, puedes crear uno de los siguientes

efectos a tu elección:

Creación de objetos. Creas un objeto con un valor de

hasta 25 000 po que no sea un objeto mágico. El objeto

rada

no puede medir más de 90 m en cualquier dimensión

y aparecerá en un espacio sin ocupar que puedas ver

.

sobre el suelo.

i

s.

Curación instantánea. Permites que hasta veinte

criaturas que puedas ver y tú recuperéis todos los

puntos de golpe y pones fin a todos los efectos que

sufráis descritos en el conjuro restablecimiento mayor.

Resistencia. Concedes resistencia a un tipo de daño

de tu elección a hasta diez criaturas que puedas ver.

La resistencia es permanente.

Inmunidad a conjuros. Concedes inmunidad a un único

conjuro u otro efecto mágico durante 8 horas a hasta

diez criaturas que puedas ver.

Aprendizaje repentino. Sustituyes una de tus dotes por

otra para la que cumplas los requisitos. Pierdes todos

los beneficios de la dote anterior y obtienes los de la

nueva. No puedes sustituir una dote que funcione como

requisito para cualquiera de tus otras dotes o rasgos.

Rehacer tiradas. Deshaces un solo suceso reciente

obligando a repetir cualquier tirada hecha durante el

último asalto (incluido tu último turno). La realidad

se reconforma para amoldarse al nuevo resultado.

Por ejemplo, un conjuro deseo podría deshacer una

tirada de salvación que falle un aliado o un crítico de

un enemigo. Puedes obligar a que la tirada se repita con

ventaja o desventaja y elegir si usar el nuevo resultado

o el resultado original.

Remodelar la realidad. Puedes desear algo que no se

incluya entre los efectos anteriores. Para ello, explícale

tu deseo de la forma más precisa posible a tu DM, quien

tiene una amplia capacidad para decidir lo que ocurre

en estos casos: cuanto mayor sea el deseo, más posible

es que algo vaya mal. El conjuro simplemente podría

fallar, el efecto que deseas podría conseguirse solo

parcialmente o podrías sufrir una consecuencia

imprevisible debido a cómo has expresado tu deseo.

Por ejemplo, desear que un villano estuviera muerto

podría propulsarte hacia delante en el tiempo hasta

un periodo en el que dicho villano ya no esté vivo,

lo que te excluiría del juego. De forma similar, desear

un objeto mágico legendario o un artefacto podría

transportarte de inmediato ante el actual propietario

de dicho objeto. Si se te concede el deseo y sus efectos

tienen consecuencias para toda una comunidad,

región o mundo, es probable que te ganes enemigos

poderosos. Si el deseo afectase a un dios, sus sirvientes

divinos podrían intervenir al momento para impedirlo

o para animarte a que formules el deseo de una forma

concreta. Si tu deseo fuese a deshacer el propio

multiverso, poner en peligro la ciudad de Sigil o afectar

a la Señora del Dolor de algún modo, verás una imagen

de ella en tu mente por un momento, negará con la

cabeza y el deseo fallará.

La tensión de lanzar deseo para producir cualquier efecto

que no sea duplicar otro conjuro te debilita. Tras soportar

dicha tensión, cada vez que lances un conjuro hasta

que finalices un descanso largo, recibirás 1d10 de daño

necrótico por cada nivel de ese conjuro. Este daño no

se puede reducir ni prevenir de ningún modo. Además,

tu puntuación de Fuerza se convierte en 3 durante

2d4 días. Por cada uno de esos días que pases descansando

y haciendo únicamente actividades ligeras, tu tiempo de

recuperación restante se reduce en 2 días. Por último,

hay un 33 % de probabilidad de que no puedas volver

a lanzar nunca deseo si sufres esta tensión.",ok,Resumir
Desintegrar,6,Nivel 6,Transmutación,hechicero; mago,Acción,18 m,"V, S, M (un imán natural y polvo)",Instantáneo,"Lanzas un rayo verde hacia un objetivo que puedas ver

dentro del alcance. El objetivo puede ser una criatura,

un objeto no mágico o una creación de fuerza mágica,

como una pared creada por muro de fuerza.

Una criatura que sea objetivo de este conjuro deberá

hacer una tirada de salvación de Destreza. Si la falla,

recibirá 10d6 + 40 de daño de fuerza. Si este daño reduce

sus puntos de golpe a O, la criatura y todos los objetos no

mágicos que vista o lleve quedarán reducidos a un polvo

gris. La criatura solo puede ser devuelta a la vida mediante

un conjuro deseo o resurrección verdadera.

Este conjuro desintegra automáticamente cualquier

objeto no mágico de tamaño Grande o más pequeño

o cualquier creación de fuerza mágica. Si el objetivo es

Enorme o mayor, el conjuro desintegrará una parte de

él con forma de cubo de 3 m de lado.

Con un espacio de conjuro de nivel superior. El daño

aumenta en 3d6 por cada nivel por encima de 6 que tenga

el espacio.",pendiente,
Despertar,5,Nivel 5,Transmutación,bardo; druida,8 horas,Toque,"V, S, M (un ágata que valga al menos",Instantáneo,"1000 po y que se consume como parte del conjuro)

Dedicas el tiempo de lanzamiento a trazar surcos mágicos

dentro de una piedra preciosa y luego tocas al objetivo,

que debe ser una criatura de tipo “bestia” o “planta” con

una puntuación de Inteligencia de 3 o menos o una planta

natural que no sea una criatura. El objetivo obtiene una

Inteligencia de 10 y la capacidad de hablar un idioma que

conoces. Si el objetivo es una planta natural, se convierte

en una criatura de tipo “planta” y obtiene la capacidad

de mover sus miembros, raíces, ramas, enredaderas,

etc., así como unos sentidos similares a los de una

persona. Tu DM elegirá el perfil adecuado para la planta

despertada, por ejemplo el del arbusto despertado o el

del árbol despertado del Manual de monstruos.

El objetivo despertado tiene el estado de hechizado

durante 30 días o hasta que tú o tus aliados le causéis

daño. Cuando termine el estado, la criatura despertada

decidirá su actitud hacia ti.",pendiente,
Desplazamiento,3,Nivel 3,Transmutación,hechicero; mago,Acción,Lanzador,"V, S",1 minuto,"Tira 1d6 al final de cada uno de tus turnos hasta que el

conjuro termine. Si el resultado es 4-6, desapareces de

tu plano de existencia actual y apareces en el Plano Etéreo

(el conjuro termina al instante si ya estabas en ese plano).

Mientras estás en el Plano Etéreo, puedes percibir lo que

sucede en el plano del que procedes, que se muestra en

distintos tonos de gris, pero no puedes ver nada que esté

a más de 18 m. Solo puedes afectar a criaturas que estén

en el Plano Etéreo y solo estas criaturas te pueden afectar

a ti. Las criaturas que estén en el otro plano no pueden

percibirte en el Plano Etéreo a menos que tengan una

capacidad especial que les permita percibir cosas en el

Plano Etéreo.

Al principio de tu siguiente turno, y si el conjuro

acaba mientras estás en el Plano Etéreo, volverás al

otro plano y aparecerás en un espacio sin ocupar de tu

elección que puedas ver a 3 m o menos del espacio que

hayas abandonado. Si no hay ningún espacio sin ocupar

en ese alcance, aparecerás en el espacio sin ocupar más

cercano.",pendiente,
Desplazamiento Entre Planos,7,Nivel 7,Conjuración,,Acción,Toque,"V, S, M (una vara de metal con forma de",Instantáneo,"horquilla que valga al menos 250 po y esté sintonizada

con un plano de existencia)

Tú y hasta ocho criaturas voluntarias que unan sus manos

formando un círculo sois transportadas a un plano de

existencia distinto. Puedes especificar un destino en

términos generales, como la Ciudad de Oropel en el Plano

Elemental del Fuego o el palacio de Dispater en el segundo

nivel de los Nueve Infiernos, y apareceréis en ese destino

o cerca de él, según decida tu DM.

Como alternativa, si conoces la secuencia de sellos

de un círculo de teletransportación en otro plano de

existencia, este conjuro puede llevarte hasta dicho

círculo. Si el círculo de teletransportación es demasiado

pequeño como para que quepan todas las criaturas que

has transportado, aparecerán en los espacios sin ocupar

más cercanos a él.",rechazado,
Destierro,4,Nivel 4,Abjuración,brujo; clérigo; hechicero; mago; paladín,Acción,9 m,"V, S, M (un pentáculo)","Concentración, hasta 1 minuto","Una criatura que puedas ver dentro del alcance deberá

superar una tirada de salvación de Carisma o se

teletransportará a un semiplano inofensivo hasta que

termine el conjuro. Mientras permanezca allí, tendrá

el estado de incapacitada. Cuando el conjuro termine,

el objetivo reaparecerá en el espacio que abandonó o en

el espacio sin ocupar más cercano si dicho espacio está

ocupado.

Si el conjuro dura 1 minuto y el objetivo es una

aberración, un celestial, un elemental, un feérico o un

infernal, no regresará. En vez de ello, se teletransportará

a un lugar aleatorio de un plano (a elección de tu DM)

relacionado con su tipo de criatura.

Con un espacio de conjuro de nivel superior. Puedes

hacer objetivo a una criatura adicional por cada nivel

por encima de 4 que tenga el espacio.",pendiente,
Detectar el Bien y el Mal,1,Nivel 1,Adivinación,clérigo; paladín,Acción,Lanzador,"V, S ago)   Duración: Concentración, hasta 10 minutos",,"Hasta que el conjuro termine, percibes la ubicación de

cualquier aberración, celestial, elemental, feérico, infernal

o muerto viviente a 9 m o menos de ti. También percibes

si hay un conjuro consagrar activo en el espacio y su

ubicación.

El conjuro no puede atravesar 30 cm de piedra, tierra

o madera, 2,5 cm de metal o una lámina fina de plomo.",rechazado,
Detectar Magia,1,Nivel 1,Adivinación,,Acción o ritual,Lanzador,"V, S","Concentración, hasta 10 minutos","explorador, hechicero, mago, paladín)

Hasta que el conjuro termine, podrás percibir la presencia

de efectos mágicos a 9 m o menos de ti. Si percibes alguno,

puedes usar una acción de magia para ver una débil aura

alrededor de cualquier objeto o criatura visible dentro de

la zona que esté afectada por la magia y, si el efecto lo creó

un conjuro, distingues a qué escuela mágica pertenece.

El conjuro no puede atravesar 30 cm de piedra, tierra

o madera, 2,5 cm de metal o una lámina fina de plomo.",ok,
Detectar Pensamientos,2,Nivel 2,Adivinación,bardo; hechicero; mago,Acción,Lanzador,"V, S, M (1 pieza de cobre)","Concentración, hasta 1 minuto","Activas uno de los siguientes efectos. Hasta que el conjuro

termine, puedes activar cualquiera de ellos como acción

de magia en tus siguientes turnos.

Sentir pensamientos. Percibes la presencia de

pensamientos que pertenecen a criaturas que conozcan

idiomas o sean telepáticas a 9 m o menos de ti. No lees

sus pensamientos, pero sabes que hay una criatura

pensante cerca.

El conjuro no puede atravesar 30 cm de piedra, tierra

o madera, 2,5 cm de metal o una lámina fina de plomo.

Leer pensamientos. Haces objetivo a una criatura que

puedas ver a 9 m o menos de ti o a una criatura a 9 m

o menos de ti que hayas detectado con la opción de sentir

pensamientos y averiguas lo principal que ocupa su mente

en ese momento. Si el objetivo no conoce ningún idioma

o no es telepático, no descubres nada.

Como acción de magia en tu próximo turno, puedes

intentar sondear en profundidad su mente. Si lo haces,

el objetivo hará una tirada de salvación de Sabiduría.

Si la falla, descubrirás su forma de razonar, sus emociones

y algo que sea de gran importancia en su mente

(una preocupación o algo que ame u odie). Si la supera,

el conjuro terminará. De cualquier forma, el objetivo sabrá

que estás sondeando su mente y, a menos que desplaces

tu atención, podrá usar una acción en su turno para hacer

una prueba de Inteligencia (Conocimiento arcano) contra

tu CD de salvación de conjuros; si la supera, el conjuro

terminará.",pendiente,
Detectar Trampas,2,Nivel 2,Adivinación,clérigo; druida; explorador,Acción,36 m,"V, S",Instantáneo,"Detectas cualquier trampa dentro del alcance que esté

en tu línea de visión. En lo que a este conjuro respecta,

una trampa incluye cualquier objeto o mecanismo

que fuese creado para causar un daño u otro peligro.

Por tanto, el conjuro detectaría los conjuros alarma

y glifo custodio o una trampa de pozo mecánica, pero

no revelaría una debilidad natural del suelo, un techo

inestable o un socavón oculto.

Este conjuro alerta de la existencia de una trampa,

pero no te indica su ubicación. Aun así, descubres la

naturaleza general del peligro que supone una trampa

que detectas.",pendiente,
Detectar Venenos y Enfermedades,1,Nivel 1,Adivinación,clérigo; druida; explorador; paladín,Acción o ritual,9 m,"V, S, M (una gota de mercurio)",1 hora,"Hasta que el conjuro termine, percibes la ubicación de

venenos, criaturas venenosas y enfermedades mágicas

a 9 mo menos de ti, e identificas el tipo de veneno,

criatura o enfermedad en cada caso.

El conjuro no puede atravesar 30 cm de piedra, tierra

o madera, 2,5 cm de metal o una lámina fina de plomo.

DIsco FLOTANTE DE TENSER

Conjuración de nivel1 (mago)

Este conjuro crea un plano de fuerza horizontal de 90 cm

de diámetro y 2,5 cm de grosor que flota 90 cm por

encima del suelo en un espacio sin ocupar de tu elección

que puedas ver dentro del alcance. El disco dura hasta

que termina el conjuro y puede soportar un peso de hasta

250 kg. Si se pone más peso sobre él, el conjuro termina

y todo lo que hay en el disco cae al suelo.

El disco permanecerá inmóvil mientras estés a 6 m

o menos de él. Si te alejas a más de 6 m de él, te seguirá

para mantenerse a 6 m de ti. Se puede mover por terreno

irregular y subir y bajar escaleras, pendientes y similares,

pero no puede superar un cambio de elevación de 3 m o más.

Por ejemplo, el disco no puede cruzar un pozo de 3 m de

profundidad ni salir de él si se crea en el fondo de este.

Si te alejas más de 30 m del disco (normalmente,

porque no pueda superar un obstáculo para seguirte),

el conjuro termina.

SE PLEDA

ESQUELÉTICOS DEPOSITAR RIQUEZAS EN UN DISCO

FLOTANTE DE TENSER.",ok,
Disfrazarse,1,Nivel 1,Ilusionismo,bardo; hechicero; mago,Acción,Lanzador,"V, S",1 hora,"Haces que tu aspecto (incluyendo tu vestimenta,

armadura, armas y otras posesiones que lleves contigo)

parezca diferente hasta que el conjuro termine. Puedes

aparentar tener una altura 30 cm mayor o menor y una

complexión más pesada o ligera. Debes adoptar una form

que tenga la misma configuración de miembros que tú.

Por lo demás, la ilusión puede modificar todo lo que

quieras de tu aspecto.

Los cambios realizados por este conjuro pueden

descubrirse mediante una inspección física. Por ejempl

si usas este conjuro para añadir un sombrero a tu

vestimenta, los objetos atravesarán el sombrero

y cualquiera que lo toque no sentirá nada.

Para darse cuenta de que te has disfrazado, una cria

debe emplear la acción de estudiar para inspeccionar

tu apariencia y superar una prueba de Inteligencia

(Investigación) contra tu CD de salvación de conjuros.",ok,Se puede actualizar
Disipar el Bien y el Mal,5,Nivel 5,Abjuración,clérigo; paladín,Acción,Lanzador,"V, S, M (plata y hierro en polvo)","Concentración, hasta 1 minuto","Hasta que termine el conjuro, celestiales, elementales,

feéricos, infernales y muertos vivientes tendrán desventaja

en las tiradas de ataque contra ti. Puedes poner fin al conjuro

anticipadamente si usas cualquiera de las siguientes

a      funciones especiales.

Despido. Como acción de magia, haces objetivo a una

criatura que puedas ver a 1,5 m o menos de ti que tenga

uno de los tipos de criatura anteriores. El objetivo

deberá superar una tirada de salvación de Carisma o será

o,     devuelto a su plano natal si no está allí ya. Si no están

en su plano natal, los muertos vivientes son enviados al

Páramo Sombrío, y los feéricos, a los Parajes Feéricos.

Romper encantamiento. Como acción de magia,

tura   tocas a una criatura que tenga los estados de asustada

o hechizada o esté poseída por una o más criaturas de los

tipos anteriores. La criatura objetivo deja de estar poseída,

asustada o hechizada por dichas criaturas.",pendiente,
Disipar Magia,3,Nivel 3,Abjuración,,Acción,18 m,"V, S","Concentración, hasta 1 minuto","hechicero, mago, paladín)

Elige una criatura, un objeto o un efecto mágico dentro

del alcance. Cualquier conjuro activo de nivel 3 o inferior

presente en el objetivo termina. Para cada conjuro activo

de nivel 4 o superior, haz una prueba de característica

usando tu aptitud mágica (CD 10 más el nivel de ese

conjuro). Si superas la tirada, el conjuro termina.

Con un espacio de conjuro de nivel superior. Disipas

automáticamente un conjuro sobre el objetivo cuyo nivel

sea menor o igual al nivel del espacio de conjuro que

hayas utilizado.

Una CLÉRIGA TIEFLING LANZA DISIPAR EL

BIEN Y EL MAL PARA EXPULSAR UN ESPÍRITU

MALIGNO DE UNA INOCENTE POSEÍDA.

DOMINAR BESTIA

ador,   Encantamiento de nivel 4 (druida, explorador, hechicero)

Una bestia que puedas ver dentro del alcance deberá

superar una tirada de salvación de Sabiduría o tendrá

el estado de hechizada hasta que termine el conjuro.

El objetivo tiene ventaja en la tirada si está luchando

contra ti o tus aliados. Siempre que reciba daño, repetirá

la tirada de salvación y, si tiene éxito, se librará del

conjuro.

Tendrás un vínculo telepático con el objetivo hechizado

mientras estéis en el mismo plano de existencia. En tu

turno, puedes usar este vínculo para dar órdenes al

objetivo (no requiere acción), como “ataca a esa criatura”,

“muévete hacia allí” o “tráeme ese objeto”. En su turno,

el objetivo hace todo lo posible por obedecer. Si lleva

a cabo una orden y no recibe más instrucciones de

tu parte, actúa y se mueve libremente y se centra en

protegerse.

Puedes ordenarle al objetivo que lleve a cabo reacciones,

pero para ello deberás usar tu propia reacción.

Con un espacio de conjuro de nivel superior. Tu concen-

tración puede durar más con un espacio de conjuro de

nivel 5 (hasta 10 minutos), 6 (hasta 1 hora) o 7 o más

(hasta 8 horas).

CAPÍTULO 7       | CONJUROS",ok,Solo objetos y hechizos
Dominar Monstruo,8,Nivel 8,Encantamiento,bardo; brujo; hechicero; mago,Acción,18 m,"V, S","Concentración, hasta 1 hora","Una criatura que puedas ver dentro del alcance deberá

superar una tirada de salvación de Sabiduría o tendrá

el estado de hechizada hasta que termine el conjuro.

El objetivo tiene ventaja en la tirada si está luchando

contra ti o tus aliados. Siempre que reciba daño, repetirá

la tirada de salvación y, si tiene éxito, se librará del

conjuro.

Tendrás un vínculo telepático con el objetivo hechizado

mientras estéis en el mismo plano de existencia. En tu

turno, puedes usar este vínculo para dar órdenes al

objetivo (no requiere acción), como “ataca a esa criatura”,

“muévete hacia allí” o “tráeme ese objeto”. En su turno,

el objetivo hace todo lo posible por obedecer. Si lleva

a cabo una orden y no recibe más instrucciones de

tu parte, actúa y se mueve libremente y se centra en

protegerse.

Puedes ordenarle al objetivo que lleve a cabo reacciones,

pero para ello deberás usar tu propia reacción.

Con un espacio de conjuro de nivel superior. Tu concen-

tración puede durar más con un espacio de conjuro de

nivel 9 (hasta 8 horas).",pendiente,
Dominar Persona,5,Nivel 5,Encantamiento,bardo; hechicero; mago,Acción,18 m,"V, S","Concentración, hasta 1 minuto","Un humanoide que puedas ver dentro del alcance deberá

superar una tirada de salvación de Sabiduría o tendrá

el estado de hechizado hasta que termine el conjuro.

El objetivo tiene ventaja en la tirada si está luchando

contra ti o tus aliados. Siempre que reciba daño, repetirá

la tirada de salvación y, si tiene éxito, se librará del

conjuro.

Tendrás un vínculo telepático con el objetivo hechizado

mientras estéis en el mismo plano de existencia. En tu

turno, puedes usar este vínculo para dar órdenes al

objetivo (no requiere acción), como “ataca a esa criatura”,

“muévete hacia allí” o “tráeme ese objeto”. En su turno,

el objetivo hace todo lo posible por obedecer. Si lleva

a cabo una orden y no recibe más instrucciones de

tu parte, actúa y se mueve libremente y se centra en

protegerse.

Puedes ordenarle al objetivo que lleve a cabo reacciones,

pero para ello deberás usar tu propia reacción.

Con un espacio de conjuro de nivel superior.

Tu concentración puede durar más con un espacio de

conjuro de nivel 6 (hasta 10 minutos), 7 (hasta 1 hora)

u 8 o más (hasta 8 horas).",pendiente,
Don de Lenguas,3,Nivel 3,Adivinación,bardo; brujo; clérigo; hechicero; mago,Acción,Toque,"V, M (un zigurat en miniatura)",1 hora,"Este conjuro permite a la criatura que toques comprender

cualquier idioma hablado que oiga o lengua de signos que

vea. Asimismo, cuando el objetivo se comunica oralmente

o mediante signos, cualquier criatura que conozca al

menos un idioma podrá entenderlo si lo escucha hablar

o lo ve signar.",pendiente,
Dormir,1,Nivel 1,Encantamiento,bardo; hechicero; mago,Acción,18 m,"V, S, M (una pizca de arena o pétalos","Concentración, hasta 1 minuto","de rosa)

Todas las criaturas de tu elección en una esfera de 1,5 m

de radio centrada en un punto dentro del alcance deben

superar una tirada de salvación de Sabiduría o tendrán

el estado de incapacitadas hasta el final de su siguiente

turno, momento en el que deberán repetir la tirada de

salvación. Si un objetivo falla la segunda tirada, tendrá

el estado de inconsciente hasta que termine el conjuro.

El conjuro termina sobre un objetivo si recibe daño

o si alguien a 1,5 m o menos de él emplea una acción

para zarandearlo y poner fin al efecto del conjuro.

Las criaturas que no duermen, como los elfos, o que

tengan inmunidad al estado de cansancio superan

automáticamente las tiradas de salvación contra este

conjuro.",ok,
Duelo Forzado,1,Nivel 1,Encantamiento,paladín,Acción adicional,9 m,V,"Concentración, hasta 1 minuto","Intentas forzar a una criatura a batirse en duelo,

Una criatura que puedas ver dentro del alcance realiza

una tirada de salvación de Sabiduría. Si la falla, el objetivo

tendrá desventaja en las tiradas de ataque contra criaturas

que no seas tú y no podrá moverse voluntariamente

a ningún espacio que se encuentre a más de 9 m de ti.

El conjuro termina si haces una tirada de ataque

contra una criatura distinta al objetivo, si lanzas un

conjuro contra un enemigo distinto a él, si uno de tus

aliados hace daño al objetivo o si terminas tu turno a más

de 9 m de él.",ok,
Dulce Descanso,2,Nivel 2,Nigromancia,clérigo; mago; paladín,Acción o ritual,Toque,"V, S, M (2 piezas de cobre, que se consumen",10 días,"como parte del conjuro)

Tocas un cadáver u otro tipo de restos mortales. Hasta

que termine el conjuro, el objetivo está protegido de la

descomposición y no se puede convertir en un muerto

viviente.

El conjuro también amplía el tiempo máximo para

resucitar al objetivo, ya que los días que pasa bajo

su influencia no cuentan para el límite de tiempo

de conjuros como alzar a los muertos.",pendiente,
Elementalismo,0,Truco,Transmutación,druida; hechicero; mago,Acción,9 m,"V, S",Instantáneo,"Controlas los elementos y creas uno de los siguientes

efectos dentro del alcance:

Esculpir los elementos. Haces que la tierra, arena, fuego,

humo, niebla o agua que quepan en un cubo de 30 cm de

lado adopten una forma tosca (como la de una criatura)

durante 1 hora.

Invocar el agua. Creas un rocío de fría niebla que

humedece ligeramente a las criaturas y objetos en un

cubo de 1,5 m de lado. Como alternativa, creas una taza

de agua limpia, ya sea en un recipiente abierto o sobre

una superficie, y el agua se evapora al cabo de 1 minuto.

Invocar el aire. Creas una brisa lo bastante fuerte como

para ondear telas, remover polvo, agitar hojas y cerrar

puertas y contraventanas abiertas en un cubo de 1,5 m

de lado. Las puertas y contraventanas que algo o alguien

mantenga abiertas no se ven afectadas.

Invocar el fuego. Creas una fina nube de ascuas

inofensivas y un humo de color perfumado en un cubo

de 1,5 m de lado. Tú eliges el color y el olor, y las ascuas

pueden encender velas, antorchas o lámparas dentro de

la zona. El aroma del humo permanece durante 1 minuto.

Invocar la tierra. Creas una fina capa de polvo o arena

que cubre superficies en una zona de 1,5 m de lado o haces

que aparezca una sola palabra escrita con tu letra en una

superficie de tierra o arena.",rechazado,
Embelesar,2,Nivel 2,Encantamiento,bardo; brujo,Acción,18 m,"V, S","Concentración, hasta 1 minuto","Creas una serie de palabras encantadoras que provocan

que una o más criaturas de tu elección a las que puedas

ver dentro del alcance deban hacer una tirada de salvación

de Sabiduría. Cualquier criatura contra la que luchéis

tus aliados o tú superará automáticamente esta tirada.

Si la falla, el objetivo sufrirá un penalizador de -10 a las

pruebas de Sabiduría (Percepción) y a la Percepción pasiva

hasta que el conjuro termine.",pendiente,
Encantar Animal,1,Nivel 1,Encantamiento,bardo; druida; explorador,Acción,9 m,"V, S, M (unas migajas de comida)",24 horas,"Haces objetivo a una bestia que puedas ver dentro del

alcance. El objetivo deberá superar una tirada de salvación

de Sabiduría o tendrá el estado de hechizado hasta que

termine el conjuro. Si alguno de tus aliados o tú dañáis

al objetivo, el conjuro termina.

Con un espacio de conjuro de nivel superior. Puedes

hacer objetivo a una bestia adicional por cada nivel

por encima de 1 que tenga el espacio.",ok,
Encontrar el Camino,6,Nivel 6,Adivinación,bardo; clérigo; druida,1 minuto,Lanzador,"V, S, M (un juego de herramientas de","Concentración, hasta 1 día","adivinación, como cartas o runas, que valga al menos

100 po)

Percibes mágicamente el camino físico más corto hacia

un lugar que nombres. Debes estar familiarizado con

él, y el conjuro fallará si nombras un destino en otro

plano de existencia, un destino que se mueva (como una

fortaleza ambulante) o un destino inespecífico (como

“la guarida de un dragón verde”).

Hasta que termine el conjuro y mientras estés en el

mismo plano de existencia que el destino, sabrás lo lejos

que está y en qué dirección se halla. Cuando te topes con

una encrucijada mientras vas al destino, identificarás qué

camino es el más corto.

Los ESPÍRITUS INVOCADOS CON

ENCONTRAR FAMILIAR ADOPTAN

FORMAS INSPIRADAS EN LOS MAGOS

QUE LOS CONJURAN.",pendiente,
Encontrar Familiar,1,Nivel 1,Conjuración,mago,1 hora o un ritual,3 m,S,"Instantáneo menos 10 po, que se consume como parte del conjuro) Obtienes los servicios de un familiar, un espíritu que adopta una forma animal de tu elección: araña, búho, comadreja, cuervo, gato, halcón, lagarto, murciélago, pulpo, rana, rata u otra bestia con un valor de desafí de O. El familiar, que aparecerá en un espacio sin ocupar dentro del alcance, tiene el perfil de la forma elegida (consulta el apéndice B), aunque es un celesti un feérico o un infernal (a tu elección) en vez de una bestia. Tu familiar actúa con independencia de ti, per obedece tus órdenes. Conexión telepática. Mientras tu familiar esté a 30 o menos de ti, puedes comunicarte con él telepáticamen Además, como acción adicional, puedes ver a través de sus ojos y escuchar lo que oiga hasta el principio de siguiente turno, y también obtienes los beneficios de cualquier sentido especial que tenga. Por último, cuando lances un conjuro con un alcance de toque, puedes hacer que tu familiar sea quien toque al objetivo. Tu familiar debe estar a 30 m o menos de y debe usar una reacción para tocar al objetivo cuando lances el conjuro. Combate. El familiar se considera un aliado para tus aliados y para ti, tira su propia iniciativa y actúa e propio turno. Un familiar no puede atacar, pero puede realizar otras acciones de manera normal. 276   CAPÍTULO 7 | CONJUROS Desaparición del familiar. Si los puntos de golpe del familiar se reducen a O, desaparecerá y reaparecerá después de que vuelvas a lanzar este conjuro. Como acción de magia, puedes hacer que el familiar se retire temporalmente a una dimensión de bolsillo. Como alternativa, puedes hacer que se desvanezca para siempre. Como acción de magia l      mientras esté desaparecido temporalmente, puedes hacer que reaparezca en un espacio sin ocupar a 9 m o menos de ti. Siempre que sus puntos de golpe se reduzcan a O o que el familiar se retire a la dimensión de bolsillo, dejará en el espacio que ocupaba cualquier cosa que vistiera o llevase.","Un solo familiar. No puedes tener más de un familiar al

mismo tiempo. Si lanzas este conjuro mientras tengas un

o

familiar, harás que adopte una nueva forma que cumpla

los requisitos.

al,

o      ENGAÑAR

Ilusionismo de nivel 5 (bardo, brujo, mago)

m      Tiempo de lanzamiento: Acción

te.    Alcance: Lanzador

tu     Duración: Concentración, hasta 1 hora

Obtienes el estado de invisible al mismo tiempo que un

doble ilusorio de ti aparece en tu sitio. El doble permanece

hasta que termine el conjuro, pero la invisibilidad acaba

ti     de inmediato después de que hagas una tirada de ataque,

causes daño o lances un conjuro.

Como acción de magia, puedes hacer que tu doble

ilusorio se mueva hasta el doble de tu velocidad y hacer

n su   que realice gestos, hable y se comporte del modo que

quieras. El doble es intangible e invulnerable.

MA

Puedes ver a través de sus ojos y oír con sus oídos como

si estuvieras en su ubicación.                                    z",ok,
Enlace Telepático de Rary,5,Nivel 5,Adivinación,bardo; mago,Acción o ritual,9 m,"V, S, M (dos huevos)",1 hora,"Forjas un enlace telepático entre hasta ocho criaturas

voluntarias de tu elección dentro del alcance y las vinculas

psíquicamente unas con otras hasta que termine el conjuro.

Las criaturas que no pueden comunicarse mediante idiomas

no se ven afectadas.

Hasta que el conjuro termine, los objetivos se pueden

comunicar telepáticamente usando el enlace, tanto si

comparten idioma como si no. Esta comunicación se

puede producir a cualquier distancia, pero no se extiende

a otros planos de existencia.",pendiente,
Enmarañar,1,Nivel 1,Conjuración,druida; explorador,Acción,27 m,"V, S","Concentración, hasta 1 minuto","UN DRUIDA DRACÓNIDO EMPLEA

ENMARAÑAR PARA DETENER A UNOS

GNOLLS a”

Unas plantas apresadoras surgen del suelo en un cuadrado

de 6 m de lado dentro del alcance. Hasta que termine el

conjuro, estas plantas convertirán la zona en terreno

difícil y desaparecerán cuando el conjuro termine.

Cada criatura (excepto tú) que esté en la zona cuando

lances el conjuro deberá superar una tirada de salvación

de Fuerza o tendrá el estado de apresada hasta que el

conjuro termine. Una criatura apresada puede emplear

una acción para hacer una prueba de Fuerza (Atletismo)

contra tu CD de salvación de conjuros. Si la supera, se

liberará de las plantas y dejará de estar apresada por ellas.",ok,
Enredadera,4,Nivel 4,Conjuración,druida; explorador,Acción adicional,18 m,"V, S","Concentración, hasta 1 minuto","Conjuras una enredadera que brota de una superficie

en un espacio sin ocupar que puedas ver dentro del

alcance y permanece hasta que el conjuro termine.

Haz un ataque de conjuro cuerpo a cuerpo contra

una criatura a 9 m o menos de la enredadera. Si acierta,

el objetivo sufrirá 4d8 de daño contundente y será

arrastrado hasta 9 m hacia la enredadera. Si el objetivo

es Enorme o más pequeño, tendrá el estado de agarrado

(CD para escapar igual a tu CD de salvación de conjuros).

La enredadera solo puede agarrar a una criatura a la

vez y puedes hacer que suelte a una criatura con este

estado (no requiere acción). Como acción adicional en

tus siguientes turnos, puedes repetir el ataque contra una

criatura a 9 m o menos de la enredadera.

Con un espacio de conjuro de nivel superior. La cantidad

de criaturas que puede agarrar la enredadera aumenta en

uno por cada nivel por encima de 4 que tenga el espacio.",pendiente,
Ensueño,5,Nivel 5,Ilusionismo,bardo; brujo; mago,1 minuto,Especial,"V, S, M (un puñado de arena)",8 horas,"Elige como objetivo a una criatura que conozcas en el

mismo plano de existencia. Una criatura voluntaria a la que

toques o tú entraréis en un estado de trance y serviréis de

mensajero onírico. Mientras esté en el trance, el mensajero

tendrá el estado de incapacitado y una velocidad de 0.

Si el objetivo está dormido, el mensajero aparece en sus

sueños y puede conversar con él mientras siga dormido

y hasta que termine el conjuro. El mensajero también

puede dar forma al entorno del sueño y crear paisajes,

objetos y otras imágenes. El mensajero puede salir del

trance en cualquier momento, lo que pondrá fin al conjuro.

Al despertar, el objetivo recordará el sueño a la perfección

Si el objetivo está despierto cuando lances el conjuro,

el mensajero lo sabrá y podrá poner fin al trance (y al

conjuro) o esperar a que se duerma, momento en el cual

entrará en sus sueños.

Puedes hacer que el mensajero se le aparezca al objetivo

como un ser aterrador. Si lo haces, el mensajero podrá

entregar un mensaje de un máximo de 10 palabras y luego

el objetivo hará una tirada de salvación de Sabiduría.

Si la falla, no recibirá beneficio alguno del descanso

y sufrirá 3d6 de daño psíquico cuando se despierte.",pendiente,
Entender Idiomas,1,Nivel 1,Adivinación,bardo; brujo; hechicero; mago,"Reacción, que llevas a cabo cuando",Lanzador,"V, S",1 asalto,"Hasta que el conjuro termine, entiendes el significado liter

de las palabras que escuches o veas signadas en cualquier

idioma. También comprendes todas las palabras escritas

que ves, independientemente del idioma en el que estén,

pero debes tocar la superficie en la que estén inscritas.

Tardas aproximadamente 1 minuto en leer una página.

Este conjuro no descifra mensajes secretos ni símbolos.

Escupo

Abjuración de nivel 1 (hechicero, mago)

te acierta una tirada de ataque o eres el objetivo del

conjuro proyectil mágico

Una barrera imperceptible de fuerza mágica te protege.

Hasta el principio de tu siguiente turno, tienes un

bonificador de +5 a la CA, incluido contra el ataque

al que reacciona, y no recibes ningún daño del conjuro

proyectil mágico.",rechazado,
Escudo de Fe,1,Nivel 1,Abjuración,clérigo; paladín,Acción adicional,18 m        3,"V, S, M (un pergamino de plegarias)","Concentración, hasta 10 minutos","Un campo titilante envuelve a una criatura de tu elección

dentro del alcance y le otorga un bonificador de +2 a la CA

hasta que el conjuro termine.

.",ok,
Escudo de Fuego,4,Nivel 4,Evocación,druida; hechicero; mago,Acción,Lanzador,"V, S, M (una luciérnaga o una pizca de fósforo)",10 minutos,"Unas llamas tenues envuelven tu cuerpo hasta que

termine el conjuro y emiten luz brillante en un radio

de 3 m y luz tenue 3 m más allá.

Las llamas te proporcionan un escudo cálido o un

escudo frío, a tu elección. El escudo cálido te proporciona

resistencia al daño de frío, mientras que el escudo frío te

concede resistencia al daño de fuego.

Además, siempre que una criatura a 1,5 m o menos

de ti te acierte con una tirada de ataque cuerpo a cuerpo,

el escudo estallará en llamas. El atacante recibirá 2d8 de

daño de fuego de un escudo cálido o 2d8 de daño de frío

de un escudo frío.

al",pendiente,
Escudriñar,5,Nivel 5,Adivinación,bardo; brujo; clérigo; druida; mago,10 minutos,90 m,"V, S, M (una esfera de cristal en miniatura)","Instantáneo 1000 po, como una bola de cristal, un espejo o una pila llena de agua) Puedes ver y oír a una criatura de tu elección que esté en el mismo plano de existencia que tú. El objetivo hace una tirada de salvación de Sabiduría, modificada en función de lo bien que conozcas al objetivo y el tipo de conexión física que tengas con él (consulta las tablas más adelante). El objetivo desconoce contra qué hace la tirada de salvación; solo sabe que siente intranquilidad. Modificador de la tirad Conocimiento sobre el objetivo                  de salvació De segundas (has oído hablar del objetivo)           +5 De primera mano (has conocido al objetivo)           +0 Familiar (conoces bien al objetivo)                  -5 Modificador de la tira ¿Qué tienes del objetivo?                       de salvació Dibujo u otro retrato                                -2 Prenda u otra posesión                               -4 Parte del cuerpo, mechón de pelo o trozo             -10 de uña Si supera la tirada de salvación, el objetivo no se verá afectado y no podrás volver a usar este conjuro con él durante 24 horas. Si la falla, el conjuro crea un sensor invisible e intangi a 3 mo menos de él. Puedes ver y oír a través del sensor como si estuvieras allí. El sensor se mueve a la vez que el objetivo y permanece a 3 m o menos de él hasta que termine EL CONJURO ESCUDRIÑAR AYUDA A UN BARDO GNOMO A ESTAR EN CONTACTO CON SU FAMILIA Y AMIGOS POR TODO EL MUNDO. el conjuro. Si algo puede percibir el sensor, se mostrará como un orbe luminoso del tamaño aproximado de tu puño. En vez de hacer objetivo a una criatura, puedes elegir una ubicación que hayas visto antes. Cuando lo hagas, el sensor aparecerá en ese lugar y no se moverá. ESFERA CONGELANTE DE OTILUKE a     Evocación de nivel 6 (hechicero, mago) n     Tiempo de lanzamiento: Acción","Un globo glacial surge de ti y golpea un punto de tu elección

dentro del alcance, donde explota en una esfera de 18 m de

da    radio. Todas las criaturas situadas en la zona realizan una

n     tirada de salvación de Constitución; sufrirán 10d6 de daño

de frío si la fallan o la mitad del daño si la superan.

Si el globo golpea una masa de agua, la congelará hasta

una profundidad de 15 cm en un área cuadrada de 9 m de

lado. El hielo dura 1 minuto. Las criaturas que estuvieran

nadando en la superficie del agua congelada quedarán

atrapadas en el hielo y tendrán el estado de apresadas.

Una criatura atrapada puede utilizar una acción para

hacer una prueba de Fuerza (Atletismo) contra tu CD

de salvación de conjuros para liberarse.

ble     Puedes renunciar a lanzar el globo tras completar el

conjuro. En ese caso, en tu mano aparecerá un globo de

tamaño similar a un proyectil de honda que resulta frío

al tacto. En cualquier momento, tú o una criatura a la que

UNA HECHICERA TIEFLING DESATA ESFERA

VITRIÓLICA SOBRE UNOS NÓTICOS,

le entregues el orbe podéis lanzarlo con la mano (hast

un alcance de 12 m) o arrojarlo con una honda (hasta e

alcance normal de la honda). Se hará añicos al impacta

y causará el mismo efecto que el uso normal del conjur

También puedes dejar el orbe en el suelo sin hacerlo

pedazos y, tras 1 minuto, explotará si nadie lo ha hec

estallar.

Con un espacio de conjuro de nivel superior. El daño

aumenta en 1d6 por cada nivel por encima de 6 que teng

el espacio.",pendiente,
Esfera de Llamas,2,Nivel 2,Conjuración,druida; hechicero; mago,Acción,9 m,"V, S, M (una esfera de cristal)","Concentración, hasta 1 minuto","Creas una esfera de fuego de 1,5 m de diámetro en un

espacio sin ocupar del suelo dentro del alcance, y dur

hasta que termine el conjuro. Cualquier criatura que

termine su turno a 1,5 m o menos de ella hará una tira

de salvación de Destreza; sufrirá 2d6 de daño de fuego

si la falla o la mitad de daño si la supera.

Como acción adicional, puedes mover la esfera hasta

9 m haciéndola rodar. Si mueves la esfera al espacio d

criatura, esta hará la tirada de salvación contra la e

que ya no podrá moverse más durante el turno.

Cuando mueves la esfera, puedes llevarla por encima

barreras de hasta 1,5 m de alto y hacer que salte huec

de hasta 3 m de ancho. La esfera prende los objetos

inflamables que toque y no lleve o vista nadie y emite

brillante en un radio de 6 m y luz tenue otros 6 m más

a          Con un espacio de conjuro de nivel superior. El daño

l        aumenta en 1d6 por cada nivel por encima de 2 que tenga

r        el espacio.

o.

ho       ESFERA ELÁSTICA DE OTILUKE

Abjuración de nivel 4 (mago)

a

Una esfera destellante encierra a una criatura u objeto

Grande o más pequeño dentro del alcance. Una criatura

no voluntaria deberá superar una tirada de salvación

de Destreza o quedará encerrada hasta que el conjuro

termine.

Nada (ni objetos físicos ni energía ni los efectos de otros

conjuros) puede atravesar la barrera en ninguna de sus

direcciones, aunque una criatura que esté en la esfera

ará      puede respirar en su interior. La esfera es inmune a todo

el daño y una criatura o un objeto en su interior no puede

da       sufrir daño por ataques o efectos que se originen en el

exterior y tampoco puede dañar a nada que haya fuera

de la esfera.

La esfera no pesa nada y tiene un tamaño justo como

e una    para contener a la criatura o el objeto de su interior.

sfera,   Una criatura encerrada puede utilizar una acción para

empujar las paredes de la esfera y hacerla rodar a hasta

de       la mitad de su velocidad. De forma similar, otras criaturas

os       pueden recoger la esfera y moverla.

Un conjuro desintegrar que haga objetivo a la esfera

luz     la destruirá, pero no dañará nada que haya dentro.

allá.",pendiente,
Esfera Vitriólica,4,Nivel 4,Evocación,hechicero; mago,Acción,45 m,"V, S, M (una gota de bilis)",Instantáneo,"Señalas un lugar dentro del alcance y una bola

resplandeciente de ácido de 30 cm de diámetro vuela

hacia el punto escogido y explota en una esfera de 6 m de

radio. Todas las criaturas situadas en esa zona realizan

una tirada de salvación de Destreza. Si la fallan, recibirán

10d4 de daño de ácido y otros 5d4 de daño de ácido al final

de su siguiente turno. Si la superan, solo sufren la mitad

del daño inicial.

Con un espacio de conjuro de nivel superior. El daño

inicial aumenta en 2d4 por cada nivel por encima de 4 que

tenga el espacio.",pendiente,
Espada de Mordenkainen,7,Nivel 7,Evocación,bardo; mago,Acción,27 m,"V, S, M (una espada en miniatura que valga","Concentración, hasta 1 minuto","al menos 250 po)

Creas una espada espectral que levitará dentro del alcance

y durará hasta que termine el conjuro.

Cuando aparezca la espada, puedes realizar un ataque

de conjuro cuerpo a cuerpo contra un objetivo que se

encuentre a 1,5 m o menos de ella. Si acierta, el objetivo

recibe una cantidad de daño de fuerza igual a 4d12 más

tu modificador por aptitud mágica.

En tus turnos posteriores, puedes emplear una acción

adicional para mover la espada hasta 9 m a un lugar que

puedas ver y repetir el ataque contra el mismo objetivo

u otro distinto.",pendiente,
Espejismo Arcano,7,Nivel 7,Ilusionismo,bardo; druida; mago,10 minutos,Vista,"V, S",10 días,"Haces que el terreno de una zona cuadrada de hasta

1,5 km de lado tenga el aspecto, los sonidos, los olores

e incluso las sensaciones de otro tipo de terreno. Podrías

hacer que un campo abierto o una carretera se parezcan

a un pantano, una colina, una grieta u otro tipo de terreno

difícil o infranqueable. Se puede hacer que un estanque

parezca una pradera cubierta de hierba, que un precipicio

se aparezca como una suave cuesta o que un barranco

pedregoso y estrecho se presente como una carretera

amplia y lisa.

De forma similar, puedes alterar el aspecto de las

estructuras o añadir algunas donde no las hay. El conjuro

no disfraza, oculta ni añade criaturas.

La ilusión incluye elementos sonoros, visuales, táctiles

y olfativos, por lo que puede convertir un lugar despejado

en un terreno difícil (o viceversa) o entorpecer de otra

forma el movimiento por la zona. Cualquier parte del

terreno ilusorio (como una piedra o un palo) que se saque

de la zona desaparece de inmediato.

Las criaturas con visión verdadera pueden ver a través

de la ilusión y distinguir la verdadera forma del terreno.

Sin embargo, todos los demás elementos de la ilusión

permanecen, por lo que, aunque dichas criaturas serán

conscientes de que se trata de una ilusión, podrán

interactuar físicamente con ella.",pendiente,
Espíritus Guardianes,3,Nivel 3,Conjuración,clérigo,Acción,Lanzador,"V, S, M (un pergamino de plegarias)","Concentración, hasta 10 minutos","Unos espíritus protectores revolotean a tu alrededor en

una emanación de 4,5 m hasta que el conjuro termine.

Si tu alineamiento es bueno o neutral, su forma espectral

parece angelical o feérica (a tu elección). Si es malvado,

su forma es infernal.

Cuando lanzas este conjuro, puedes elegir criaturas para

que no les afecte. La velocidad de las demás criaturas se

reducirá a la mitad en la emanación. Cuando esta entre en

el espacio de una criatura o cuando una criatura entre en

la emanación o termine su turno en ella, la criatura deberá

hacer una tirada de salvación de Sabiduría. Si la falla,

recibirá 3d8 de daño radiante (si tu alineamiento es bueno

o neutral) o 3d8 de daño necrótico (si tu alineamiento

es malvado). Si la supera, recibirá la mitad de daño.

Una criatura solo hace esta tirada una vez por turno.

Con un espacio de conjuro de nivel superior. El daño

aumenta en 1d8 por cada nivel por encima de 3 que tenga

el espacio.",pendiente,
Estallido Mágico,0,Truco,Evocación,hechicero,Acción,36 m,"V, S",Instantáneo,"Lanzas energía mágica contra una criatura u objeto

dentro del alcance. Haz un ataque de conjuro a distancia

contra el objetivo. Si acierta, el objetivo recibe 148 de daño

del tipo que elijas: ácido, frío, fuego, psíquico, relámpago,

trueno o veneno.

Si sacas un 8 en un d8 con este conjuro, puedes tirar

otro d8 y sumarlo al daño. Cuando lances este conjuro,

la cantidad máxima de d8 que puedes sumar al daño del

conjuro es igual a tu modificador por aptitud mágica.

Mejora de truco. El daño aumenta en 1d8 cuando

alcanzas los niveles 5 (2d8), 11 (3d8) y 17 (4d8).",ok,
Estática Sináptica,5,Nivel 5,Encantamiento,bardo; brujo; hechicero; mago,Acción,36 m,"V, S",Instantáneo,"Una energía psíquica surge de ti hacia un punto dentro

del alcance. Todas las criaturas situadas en una esfera de

6 m de radio centrada en ese punto hacen una tirada de

salvación de Inteligencia; sufrirán 8d6 de daño psíquico

si la fallan o la mitad del daño si la superan.

Si la falla, un objetivo también tendrá la mente nublada

durante 1 minuto. Durante ese tiempo, restará 1d6 a todas

sus tiradas de ataque y pruebas de característica, así como

a cualquier tirada de salvación de Constitución para

mantener la concentración. El objetivo hará una tirada

de salvación de Inteligencia al final de cada uno de sus

turnos y, si tiene éxito, se librará del efecto.",pendiente,
Excursión Etérea,7,Nivel 7,Conjuración,,Acción,Lanzador,"V, S",Hasta 8 horas,"Entras en las regiones fronterizas del Plano Etéreo,

donde se superpone con tu plano actual. Permaneces

en la Frontera Etérea hasta que termine el conjuro.

Durante este tiempo, puedes moverte en cualquier

dirección. Si te mueves hacia arriba o hacia abajo,

cada metro de movimiento te cuesta 1 m adicional.

Puedes percibir el plano del que vienes, que se mostrará

gris, y no puedes ver más allá de 18 m.

Mientras estés en el Plano Etéreo, solo puedes afectar

y ser afectado por criaturas, objetos y efectos que haya en

dicho plano. Las criaturas que no estén en él no podrán

percibirte o interactuar contigo a menos que un rasgo

les otorgue la capacidad de hacerlo.

Cuando el conjuro termine, reaparecerás en el plano

del que viniste en el mismo sitio que se corresponde con

tu espacio en la Frontera Etérea. Si apareces en un espacio

ocupado, te desplazarás al espacio sin ocupar más cercano

y recibirás 2 de daño de fuerza por cada 30 cm que te

hayas movido.

Este conjuro termina al instante si lo lanzas mientras

estás en el Plano Etéreo o en un plano que no tenga

frontera con él, como alguno de los Planos Exteriores.

Con un espacio de conjuro de nivel superior. Puedes

hacer objetivo a hasta tres criaturas voluntarias

(incluyéndote a ti) por cada nivel por encima de 7 que

tenga el espacio. Estas criaturas deben estar a 3 m

0 menos de ti cuando lances el conjuro.",rechazado,
Explosión Solar,8,Nivel 8,Evocación,clérigo; druida; hechicero; mago,10 minutos,36 m,"V, S",Instantáneo,"Una esfera de 18 m de radio centrada en un punto de tu

elección dentro del alcance resplandece con una brillante

luz solar. Todas las criaturas situadas en la esfera hacen

una tirada de salvación de Constitución. Si la fallan,

recibirán 12d6 daño radiante y tendrán el estado de

cegadas durante 1 minuto. Si la superan, recibirán solo

la mitad de daño.

Una criatura cegada por este conjuro realiza una tirada

de salvación de Constitución al final de cada uno de sus

turnos y, si tiene éxito, se librará del efecto.

Este conjuro dispersa la oscuridad que haya en la zona

y que fuera creada por un conjuro.

FABRICAR

go)   Transmutación de nivel 4 (mago)

Conviertes materias primas en productos del mismo

material. Por ejemplo, puedes fabricar un puente de

madera a partir de unos árboles, una cuerda con un trozo

de cáñamo o prendas usando lino o lana.

Elige materias primas que puedas ver dentro del

alcance. Puedes fabricar un objeto Grande o más pequeño

(que quepa en un cubo de 3 m de lado u ocho cubos

conectados de 1,5 m de lado), siempre y cuando tengas

suficiente material. Sin embargo, si trabajas con metal,

piedra u otra sustancia mineral, el objeto fabricado no

puede ser mayor que Mediano (y debe caber en un cubo

de 1,5 m de lado). La calidad de los objetos fabricados

depende de la calidad de los materiales.

No se pueden crear criaturas ni objetos mágicos con

este conjuro, y tampoco puedes usarlo para crear objetos

que requieran un alto grado de habilidad, como armas

o armaduras, a menos que tengas competencia en el tipo

de herramientas de artesano usadas para elaborar esos

objetos.",pendiente,
Falsa Vida,1,Nivel 1,Nigromancia,hechicero; mago,Acción,Lanzador,"V, S, M (una gota de alcohol)",Instantáneo,"Obtienes 2d4 + 4 puntos de golpe temporales.

Con un espacio de conjuro de nivel superior. Obtienes

5 puntos de golpe temporales adicionales por cada nivel

por encima de 1 que tenga el espacio.

il",ok,
El Conjuro Festín D a los Aventureros P Favor Divino,1,Nivel 1,Transmutación,paladín,Acción adicional,Lanzador,"V, S",1 minuto,"Hasta que el conjuro termine, tus ataques con armas

infligen 1d4 de daño radiante adicional si aciertan.",rechazado,
Festín de Héroes,6,Nivel 6,Conjuración,bardo; clérigo; druida,10 minutos,Lanzador,"V, S, M (un cuenco incrustado de gemas",Instantáneo,"que valga al menos 1000 po y que se consume como

parte del conjuro)

Conjuras un festín que aparece sobre una superficie en

un cubo de 3 m de lado sin ocupar junto a ti. Se tarda

1 hora en consumirlo, desaparece al final de ese tiempo

y sus efectos beneficiosos no se aplican hasta que concluye

dicha hora. En el festín pueden participar hasta doce

criaturas.

E HÉROES PREPARA

ARA LA GRANDEZA

Una criatura que participe obtiene varios beneficios

que durarán 24 horas. Esa criatura tendrá resistencia

al daño de veneno e inmunidad a los estados de asustada

y envenenada. Además, sus puntos de golpe máximos

aumentan en 2d10 y recupera la misma cantidad de

puntos de golpe.",pendiente,
Fingir Muerte,3,Nivel 3,Nigromancia,bardo; clérigo; druida; mago,Acción o ritual,Toque,"V, S, M (una pizca de tierra de cementerio)",1 hora,"Tocas a una criatura voluntaria y la sumes en un estado

cataléptico que no se puede distinguir de la muerte.

Hasta que termine el conjuro, la criatura parecerá

muerta ante cualquier inspección externa o conjuro que

intente averiguar su estado. El objetivo tendrá los estados

de cegado e incapacitado y su velocidad será O.

El objetivo también tendrá resistencia a todo el daño

excepto el psíquico e inmunidad al estado de envenenado.",pendiente,
Flecha Ácida de Melf,2,Nivel 2,Evocación,mago,Acción,27 m,"V, S, M (ruibarbo en polvo)",Instantáneo,"Una brillante flecha verde sale disparada hacia un objetivo

dentro del alcance y estalla en una lluvia de ácido. Haz un

ataque de conjuro a distancia contra el objetivo. Si acierta

el objetivo recibe 4d4 de daño de ácido y 2d4 de daño

de ácido al final de su siguiente turno. Si falla, la flecha

salpica al objetivo con ácido y solo le causa la mitad del

daño inicial.

Con un espacio de conjuro de nivel superior. El daño

(tanto el inicial como el posterior) aumenta en 1d4 por

cada nivel por encima de 2 que tenga el espacio.",pendiente,
Flecha de Relámpago,3,Nivel 3,Transmutación,explorador,"Acción adicional, que realizas",Lanzador,"V, S",Instantáneo,"de inmediato tras acertar o fallar un ataque a distancia

con un arma contra un objetivo

L ATREVIDO MAGO MELF APUNTAA UN TRO,

Esuocano conil

Cuando tu ataque contra el objetivo acierte o falle, el arma

ola munición que usas se transforma en un relámpago.

En vez de sufrir daño u otros efectos del ataque, el objetivo

recibe 4d8 de daño de relámpago si el ataque acierta o la

mitad de daño si falla. Todas las criaturas a 3 m o menos

del objetivo harán después una tirada de salvación de

Destreza; sufrirán 2d8 de daño de relámpago si la fallan

o la mitad del daño si la superan.

Luego, el arma o la munición vuelve a la normalidad.

Con un espacio de conjuro de nivel superior. El daño de

,   los dos efectos del conjuro aumenta en 1d8 por cada nivel

por encima de 3 que tenga el espacio.",pendiente,
Forma Gaseosa,3,Nivel 3,Transmutación,brujo; hechicero; mago,Acción,Toque,"V, S, M (un poco de gasa)","Concentración, hasta 1 hora","Una criatura voluntaria a la que toques cambia de forma,

junto con todo lo que lleve o vista, y se convierte en

una niebla fina hasta que termine el conjuro. El conjuro

termina para el objetivo si sus puntos de golpe se reducen

a 0 o si emplea una acción de magia para ponerle fin.

Mientras está en esta forma, el único método de

movimiento del objetivo es una velocidad volando

de 3 m, y podrá levitar y entrar en el espacio de otra

criatura y ocuparlo. El objetivo tiene resistencia al

daño contundente, cortante y perforante, inmunidad al

estado de derribado y ventaja en las tiradas de salvación

de Fuerza, Destreza y Constitución. El objetivo puede

atravesar aberturas estrechas, pero trata los líquidos

como si fueran superficies sólidas.

El objetivo no puede hablar ni manipular objetos y no

puede soltar, usar ni interactuar de ninguna otra forma

con cualquier objeto que llevara o sostuviera. Por último,

el objetivo no puede atacar ni lanzar conjuros.

Con un espacio de conjuro de nivel superior. Puedes

hacer objetivo a una criatura adicional por cada nivel

por encima de 3 que tenga el espacio.",pendiente,
Fragmento Mental,0,Truco,Encantamiento,brujo; hechicero; mago,Acción,18 m,V,1 asalto,"Intentas fragmentar de forma temporal la mente de una

criatura que puedas ver dentro del alcance. El objetivo

deberá superar una tirada de salvación de Inteligencia

o recibirá 1d6 de daño psíquico y restará 1d4 en la

siguiente tirada de salvación que haga antes del final

de tu siguiente turno.

Mejora de truco. El daño aumenta en 1d6 cuando

alcanzas los niveles 5 (2d6), 11 (3d6) y 17 (4d6).",ok,
Fuego Feérico,1,Nivel 1,Evocación,bardo; druida,Acción,18 m,V,"Concentración, hasta 1 minuto","El conjuro ilumina con luz azul, verde o violeta,

a tu elección, el contorno de los objetos en un cubo

de 6 m de lado dentro del alcance. También se ilumina

el contorno de cualquier criatura dentro del cubo que

falle una tirada de salvación de Destreza. Hasta que

termine el conjuro, los objetos y criaturas afectados

emitirán luz tenue en un radio de 3 m y no podrán

beneficiarse del estado de invisibles.

Las tiradas de ataque contra las criaturas u objetos

afectados tendrán ventaja si el atacante puede verlos.",ok,
Fuente de Luz Lunar,4,Nivel 4,Evocación,bardo; druida,Acción,Lanzador,"V, S","Concentración, hasta 10 minutos","Mientras dure el efecto, una luz fría envuelve tu cuerpo

y emite luz brillante en un radio de 6 m y luz tenue 6 m

más allá.

Hasta que el conjuro termine, tienes resistencia al daño

radiante y tus ataques cuerpo a cuerpo causarán 2d6 de

daño radiante adicional cuando acierten.

Además, inmediatamente después de recibir daño de

una criatura que puedas ver a 18 m o menos de ti, puedes

usar una reacción para obligar a la criatura a hacer una

tirada de salvación de Constitución. Si la falla, tendrá el

estado de cegada hasta el final de tu siguiente turno.",pendiente,
Fuerza Fantasmal,2,Nivel 2,Ilusionismo,bardo; hechicero; mago,Acción,18 m,"V, S, M (un poco de vellón)","Concentración, hasta 1 minuto","Intentas crear una ilusión en la mente de una criatura

que puedas ver dentro del alcance. El objetivo hace una

tirada de salvación de Inteligencia. Si la falla, creas un

objeto o una criatura fantasmal u otro fenómeno cuyas

dimensiones no excedan las de un cubo de 3 m de lado

y que solo puede percibir el objetivo hasta que el conjuro

termine. El fantasma puede emitir sonidos, alterar la

temperatura y producir otros estímulos.

El objetivo puede usar una acción de estudiar para

examinar la imagen con una prueba de Inteligencia

(Investigación) contra tu CD de salvación de conjuros.

Si la supera, se da cuenta de que el fantasma es una ilusión

y el conjuro termina.

Mientras esté afectado por este conjuro, el objetivo

tratará al fantasma como si fuera real y racionalizará

cualquier resultado ilógico derivado de interactuar con él.

Por ejemplo, si el objetivo intenta caminar por un puente

ilusorio y sobrevive a la caída, creerá que el puente existe

y que otra cosa ha provocado su caída.

Un objetivo afectado incluso puede recibir daño de la

ilusión si el fantasma se muestra como una amenaza o una

criatura peligrosa. En cada uno de tus turnos, la forma

fantasmal puede causar 2d8 de daño psíquico al objetivo

si está en el área que ocupa el fantasma o a 1,5 m de él.

El objetivo percibe el daño como de un tipo apropiado

para la ilusión.",pendiente,
Fundirse con la Piedra,3,Nivel 3,Transmutación,clérigo; druida; explorador,Acción o ritual,Toque,"V, S",8 horas,"Entras en un objeto o una superficie de piedra lo

suficientemente grande como para que tu cuerpo quepa

dentro y tanto tú como tu equipo os fundís con la piedra

hasta que termine el conjuro. Para ello, debes tocar la

piedra. No queda nada de tu presencia visible ni que se

pueda detectar mediante sentidos que no sean mágicos.

Mientras estés fundido con la piedra, no puedes ver lo que

sucede fuera y tienes desventaja en las pruebas de Sabiduría

(Percepción) que hagas para escuchar sonidos en el exterior.

Eres consciente del paso del tiempo y puedes lanzar

conjuros sobre ti. Puedes usar 1,5 m de tu movimiento

para salir de la piedra por el punto en el que entraste,

lo que pone fin al conjuro. Por lo demás, no te puedes mover

Un daño físico menor hechoa la piedra no te afecta, pero

su destrucción parcial o un cambio en su forma (de manera

que ya no quepas en ella) te expulsa y te causa 6d6 de

daño de fuerza. La destrucción completa de la piedra

(o su transmutación en una sustancia distinta) te expulsa

de ella y te inflige 50 de daño de fuerza. Si eres expulsado

te mueves al espacio sin ocupar más cercano junto al punto

en el que entraste en ella y tendrás el estado de derribado.",pendiente,
Geas,5,Nivel 5,Encantamiento,,1 minuto,18 m,V,30 días,"Das una orden verbal a una criatura que puedas

ver dentro del alcance y la obligas a llevar a cabo un

cometido o le impides realizar una acción o actividad,

según desees. El objetivo deberá superar una tirada de

salvación de Sabiduría o tendrá el estado de hechizado

hasta que termine el conjuro. El objetivo la superará

automáticamente si no entiende la orden.

Mientras esté hechizada, la criatura sufre 5d10 de daño

psíquico si actúa de manera contraria a tus instrucciones,

y solo podrá recibir este daño una vez al día.

Puedes dar cualquier orden que quieras, siempre que

no sea una actividad que suponga una muerte segura.

Si das una orden suicida, el conjuro termina.

Un conjuro deseo, levantar maldición o restablecimiento

mayor también pone fin a este conjuro.

Con un espacio de conjuro de nivel superior. Si usas

un espacio de niveles 7 u 8, la duración será de 365 días.

Si usas un espacio de nivel 9, el conjuro durará hasta que

se le pone fin mediante uno de los conjuros mencionados

anteriormente.",pendiente,
Glifo Custodio,3,Nivel 3,Abjuración,bardo; clérigo; mago,1 hora,Toque,"V, S, M (diamante en polvo que valga al",Hasta que sea disipado o se active,"menos 200 po, que se consume como parte del conjuro)

Inscribes un glifo que liberará posteriormente un efecto

mágico. Puedes hacerlo en una superficie (como una

mesa o un trozo de un suelo) o en un objeto que se pueda

cerrar (como un libro o un cofre) para ocultar dicho glifo.

Este puede abarcar una zona de hasta 3 m de diámetro.

Si la superficie o el objeto se mueven más de 3 m respecto

al lugar donde lanzaste el conjuro, el glifo se romperá

y el conjuro terminará sin activarse.

El glifo es casi imperceptible y es necesario superar

una prueba de Sabiduría (Percepción) contra tu CD de

salvación de conjuros para detectarlo.

Cuando inscribes el glifo, decides qué lo activa y eliges

si se trata de una runa explosiva o un glifo de conjuro,

como se explica a continuación.

.        Establecer el activador. Cuando lances el conjuro, decide

qué activará el glifo. En el caso de los glifos inscritos

en una superficie, las condiciones que suelen activarlos

incluyen tocarlos o situarse sobre ellos, quitar otro objeto

que los cubra o acercarse a cierta distancia de ellos. En el

caso de los glifos inscritos en un objeto, suelen activarse

,      al abrir el objeto o mirar el glifo. En cuanto un glifo se

activa, este conjuro termina.

Puedes especificar aún más la condición, de modo

que solo las criaturas de ciertos tipos puedan activarlo

(por ejemplo, que solo afecte a las aberraciones). También

puedes establecer excepciones sobre qué criaturas no

dín)   activarán el glifo; por ejemplo, las que pronuncien una

contraseña.

Runa explosiva. Cuando se activa, el glifo estalla con

energía mágica en una esfera de 6 m de radio centrada en

él. Todas las criaturas situadas en esa zona realizan una

tirada de salvación de Destreza. Sufrirán 5d8 de daño de

ácido, frío, fuego, relámpago o trueno (el tipo que elijas al

crear el glifo) si la fallan o la mitad del daño si la superan.

Glifo de conjuro. Puedes almacenar un conjuro

preparado de nivel 3 o inferior en el glifo si lo lanzas como

parte de la creación de dicho glifo. El conjuro debe tener

como objetivo una sola criatura o un área. El conjuro

almacenado no tiene ningún efecto inmediato cuando

se lanza de esta manera.

Cuando el glifo se activa, el conjuro almacenado surte

efecto. Si el conjuro tiene un objetivo, elige como dicho

objetivo a la criatura que haya activado el glifo. Si afecta

a un área, la zona está centrada en esa criatura. Si el

conjuro invoca criaturas hostiles o crea objetos o trampas

perjudiciales, aparecerán lo más cerca posible del intruso

y lo atacarán. Si el conjuro requiere concentración,

no terminará hasta alcanzar su duración máxima.

Con un espacio de conjuro de nivel superior. El daño

de una runa explosiva aumenta en 1d8 por cada nivel

por encima de 3 que tenga el espacio. Si creas un glifo de

conjuro, puedes almacenar cualquier conjuro de hasta el

mismo nivel que el espacio de conjuro que hayas empleado

para el glifo custodio.",pendiente,
Globo de Invulnerabilidad,6,Nivel 6,Abjuración,hechicero; mago,Acción,Lanzador,"V, S, M (una cuenta de cristal)","Concentración, hasta 1 minuto","Una barrera inmóvil y brillante surge en una emanación

de 3 m alrededor de ti y permanece hasta que el conjuro

termine.

Cualquier conjuro de nivel 5 o inferior que se lance

desde fuera de la barrera no puede afectar a nada dentro

de ella. Tales conjuros pueden hacer objetivo a criaturas

y objetos que estén dentro de la barrera, pero no tendrán

ningún efecto sobre ellos. De forma similar, el interior de

la barrera estará excluido de las áreas de efecto creadas

por dichos conjuros.

Con un espacio de conjuro de nivel superior. La barrera

bloquea los conjuros de un nivel más por cada nivel por

encima de 6 que tenga el espacio.",pendiente,
Golpe Apresador,1,Nivel 1,Conjuración,explorador,"Acción adicional, que realizas",Lanzador,V,"Concentración, hasta 1 minuto","de inmediato tras acertar a una criatura con un arma

Al acertar al objetivo, unas enredaderas aparecerán

sobre él y deberá hacer una tirada de salvación de Fuerza.

Las criaturas Grandes o de mayor tamaño tienen ventaja

en esta tirada. Si la falla, tendrá el estado de apresado

hasta que el conjuro termine. Si la supera, las enredaderas

se marchitan y el conjuro termina.

Mientras esté apresado, el objetivo sufrirá 1d6 de

daño perforante al principio de cada uno de sus turnos.

El objetivo o una criatura a su alcance puede emplear

una acción para hacer una prueba de Fuerza (Atletismo)

contra tu CD de salvación de conjuros. Si la supera,

el conjuro termina.

Con un espacio de conjuro de nivel superior. El daño

aumenta en 1d6 por cada nivel por encima de 1 que tenga

el espacio.",pendiente,
Golpe de Viento Acerado,5,Nivel 5,Conjuración,explorador; mago,Acción,9 m,"S, M (un arma cuerpo a cuerpo que valga",Instantáneo,"al menos 1 pp)

Blandes el arma utilizada al lanzar el conjuro y luego

desapareces para golpear como el viento. Elige hasta

cinco criaturas que puedas ver dentro del alcance. Haz un

ataque de conjuro cuerpo a cuerpo contra cada objetivo.

Si acierta, el objetivo recibe 6d10 de daño de fuerza.

A continuación, te teletransportas a un espacio sin

ocupar que puedas ver a 1,5 m de uno de los objetivos.",pendiente,
Golpe Flamígero,5,Nivel 5,Evocación,clérigo,Acción,18 m,"V, S, M (una pizca de azufre)",Instantáneo,"Una columna de fuego brillante ruge desde el cielo.

Todas las criaturas en un cilindro de 3 m de radio y 12 m

de altura centrado en un punto dentro del alcance realizan

una tirada de salvación de Destreza; sufrirán 5d6 de daño

de fuego y 5d6 de daño radiante si la fallan o la mitad de

daño si la superan.

Con un espacio de conjuro de nivel superior. El daño

de fuego y radiante aumentan en 1d6 por cada nivel por

encima de 5 que tenga el espacio.",pendiente,
Grasa,1,Nivel 1,Conjuración,hechicero; mago,Acción,18 m,"V, S, M (un poco de piel de cerdo",1 minuto,"o de mantequilla)

Una grasa no inflamable cubre una zona cuadrada del

suelo de 3 m de lado centrada en un punto dentro del

alcance y que la convierte en terreno difícil hasta que

termina el conjuro.

Cuando aparezca la grasa, las criaturas que haya en esa

zona deberán superar una tirada de salvación de Destreza

o tendrán el estado de derribadas. Una criatura que entre

en la zona o termine su turno ahí deberá superar esa

tirada de salvación o caerá derribada.",pendiente,
Guarda Contra la Muerte,4,Nivel 4,Abjuración,clérigo; paladín,Acción,Toque,"V, S",8 horas,"Tocas a una criatura y le concedes cierta protección frente

a la muerte. La primera vez que los puntos de golpe del

objetivo fueran a reducirse a O antes de que el conjuro

termine, en lugar de eso, se reducena 1 y el conjuro

termina.

Si el conjuro sigue activo cuando el objetivo sufre un

efecto que fuera a matarlo al instante sin causarle daño,

se niega ese efecto y el conjuro termina.",pendiente,
Guardas y Guardias,6,Nivel 6,Abjuración,bardo; mago,1 hora,Toque,"V, S, M (una vara de plata que valga",24 horas,"al menos 10 po)

Creas una protección que cubre hasta 250 m? de espacio

en el suelo. La zona protegida puede tener hasta 6 m

de altura y le das la forma de una zona cuadrada de

15 m de lado, cien cuadrados contiguos de 1,5 m de lado

o veinticinco cuadrados contiguos de 3 m de lado.

Cuando lances el conjuro, puedes especificar criaturas

individuales que no se verán afectadas por los efectos

del conjuro. También puedes designar una contraseña

que, cuando se diga en alto a 1,5 m o menos de la zona

protegida, hace inmune a sus efectos a quien la dice.

O

Una CLÉRIGA MEDIANA LANZA GUARDIÁN DE:

LA FE PARA REPELER A UN HUARGO VORAZ.

El conjuro crea los efectos indicados a continuación

en la zona protegida. Disipar magia no tiene efecto

sobre guardas y guardias, pero sí que se pueden disipar

los siguientes efectos. Si se disipan los cuatro, guardas

y guardias terminará. Si lanzas el conjuro a diario durante

365 días en la misma zona, el conjuro durará hasta que

se disipen todos sus efectos.

Escaleras. Todas las escaleras de la zona protegida se

llenan de telas de araña de arriba abajo, como si estuvieran

afectadas por el conjuro telaraña. Mientras dure guardas

y guardias, estas telas de araña vuelven a generarse en un

plazo de 10 minutos si se destruyen.

Pasillos. Todos los pasillos protegidos se llenan de

niebla y pasan a estar muy oscuros. Además, en cada

intersección o en cada camino que se divida y que permita

elegir una dirección, hay un 50 % de probabilidad de que

una criatura que no seas tú piense que va en la dirección

contraria a la que haya elegido.

Puertas. Todas las puertas de la zona protegida están

cerradas de manera mágica, como si estuvieran afectadas

por el conjuro cerradura arcana. Además, puedes cubrir

hasta 10 puertas con una ilusión para que parezcan

simples secciones de pared.

Otro efecto del conjuro. Sitúas uno de los siguientes

efectos mágicos dentro de la zona protegida:

+ Luces danzantes en cuatro pasillos con un patrón sencillo

que las luces reproducirán mientras dure guardas

y guardias.

+ Boca mágica en dos lugares.

+ Nube apestosa en dos lugares (los vapores volverán

tras 10 minutos si se dispersan mientras dure guardas

y guardias).

+ Ráfaga de viento en un pasillo o sala (el viento sopla sin

parar mientras dure el conjuro).

+ Sugestión en una casilla de 1,5 m de lado, y cualquier

criatura que entre en ella recibirá la sugestión

mentalmente.",pendiente,
Guardia de Cuchillas,0,Truco,Abjuración,bardo; brujo; hechicero; mago,Acción,Lanzador,"V, S","Concentración, hasta 1 minuto","Siempre que una criatura haga una tirada de ataque

contra ti antes de que el conjuro termine, el atacante

restará 1d4 a esa tirada.",ok,
Guardián de la Fe,4,Nivel 4,Conjuración,clérigo,Acción,9 m,V,8 horas,"Un guardián espectral Grande aparece en un espacio

sin ocupar que puedas ver dentro del alcance y levita

sobre él hasta que termine el conjuro. El guardián ocupa

ese espacio, es invulnerable y se muestra en una forma

adecuada para tu deidad o panteón.

Cualquier enemigo que entre en un espacio a 3 m

o menos del guardián por primera vez en un turno

o empiece su turno allí hará una tirada de salvación

de Destreza; sufrirá 20 de daño radiante si la falla o la

mitad de daño si la supera. El guardián se desvanece

cuando ha causado un total de 60 de daño.",pendiente,
Guía,0,Truco,Adivinación,clérigo; druida,Acción,Toque,"V, S","Concentración, hasta 1 minuto","Tocas a una criatura voluntaria y eliges una habilidad.

Hasta que el conjuro termine, la criatura añade 1d4 a una

prueba de característica con la habilidad elegida.",ok,
Hablar con las Plantas,3,Nivel 3,Transmutación,bardo; druida; explorador,Acción,Lanzador,"V, S",10 minutos,"Insuflas una consciencia y una animación limitadas

a las plantas en una emanación inmóvil de 9 m, lo que les

otorga la capacidad de comunicarse contigo y obedecer

órdenes sencillas que les des. Puedes preguntar a las

plantas acerca de sucesos que hayan ocurrido en la zona

del conjuro durante el último día y conseguir información

sobre qué criaturas han pasado por allí, el clima y otras

circunstancias.

También puedes convertir el terreno difícil debido

al crecimiento vegetal (como matorrales y maleza) en

terreno normal hasta que termine el conjuro o puedes

convertir un terreno normal en el que haya plantas en

terreno difícil hasta que termine el conjuro.

El conjuro no permite que las plantas se liberen del

suelo y se desplacen, pero sí que pueden mover sus ramas,

zarcillos y tallos por ti.

Si hay una criatura de tipo “planta” en la zona, puedes

comunicarte con ella como si compartierais un idioma

común.

UN DRUIDA HUMANO EMPLEA

HABLAR CON LOS ANIMALES

PARA CHARLAR CON SU MEJOR

AMIGO ÚRSIDO.",rechazado,
Hablar con los Animales,1,Nivel 1,Adivinación,bardo; brujo; druida; explorador,Acción o ritual,Lanzador,"V, S",10 minutos,"Hasta que termine el conjuro, puedes comprender

y comunicarte verbalmente con bestias y usar con

ellas cualquiera de las opciones de la acción de influir.

La mayoría de bestias tienen poco que decir en

cuestiones que no tengan que ver con la supervivencia

o la compañía, pero como mínimo podrán proporcionarte

información sobre los lugares y monstruos cercanos,

incluyendo lo que hayan percibido en el último día.",pendiente,
Hablar con los Muertos,3,Nivel 3,Nigromancia,bardo; clérigo; mago,Acción,3 m,"V, S, M (incienso para quemar)",10 minutos,"Otorgas una apariencia de vida a un cadáver de tu

elección dentro del alcance para que pueda responder

a tus preguntas. El cadáver debe tener boca y el conjuro

falla si la criatura difunta era un muerto viviente cuando

falleció. El conjuro también falla si el cadáver ya ha sido

el objetivo de este conjuro en los últimos 10 días.

Hasta que el conjuro termine, puedes hacerle al cadáver

hasta cinco preguntas. Este solo sabe lo que sabía en vida,

incluidos los idiomas. Sus respuestas suelen ser breves,

crípticas o repetitivas, y no se siente obligado a darte una

respuesta verdadera si eres hostil con él o te reconoce

como un enemigo. Este conjuro no devuelve el alma de

la criatura a su cuerpo, solo anima su espíritu. Por tanto,

el cadáver no puede aprender nueva información,

no entiende nada que haya ocurrido después su muerte

y no puede especular sobre sucesos futuros.",pendiente,
Hacer Añicos,2,Nivel 2,Evocación,bardo; hechicero; mago,Acción,18 m,"V, S, M (una lasca de mica)",Instantáneo,"Un fuerte ruido surge de un punto de tu elección dentro

del alcance. Todas las criaturas situadas en una esfera de

3 m de radio centrada en ese punto hacen una tirada de

salvación de Constitución; sufrirán 3d8 de daño de trueno

si la fallan o la mitad del daño si la superan. Los autómata

tienen desventaja en esta tirada.

Los objetos no mágicos que se encuentren dentro del

área del conjuro también recibirán el daño, salvo si los

lleva o viste una criatura.

Con un espacio de conjuro de nivel superior. El daño

aumenta en 1d8 por cada nivel por encima de 2 que tenga

el espacio.",pendiente,
Hallar Corcel,2,Nivel 2,Conjuración,paladín,Acción,9 m,"V, S",Instantáneo,"Invocas un ser sobrenatural que asume la forma de

un corcel fiel en un espacio sin ocupar de tu elección

dentro del alcance. La criatura utiliza el perfil del corcel

sobrenatural. Si ya tienes un corcel gracias a este

conjuro, se sustituirá por el nuevo.

El corcel se parece a un animal Grande que puedas

montar de tu elección, como un caballo, un alce, un camello

o un lobo terrible. Siempre que lances el conjuro, elige el

tipo de criatura del corcel (celestial, feérico o infernal),

lo que determinará ciertos atributos de su perfil.

Combate. El corcel se considera un aliado para tus

aliados y para ti. En combate, la criatura comparte

tu orden de iniciativa y funciona como una montura

controlada mientras vayas sobre ella (como se describe en

las normas del combate montado). Si tienes el estado de

incapacitado, su turno irá justo después del tuyo, actuará

con independencia de ti y se centrará en protegerte.

Desaparición del corcel. El corcel desaparece si sus

puntos de golpe se reducen a O o si mueres. Cuando

desaparece, deja atrás todo lo que vistiera o llevase.

Si vuelves a lanzar este conjuro, decides si invocas

al corcel que desapareció u otro distinto.

Con un espacio de conjuro de nivel superior. Usa el nivel

del espacio de conjuro para determinar el nivel del conjuro

en el perfil.

lCorceL SOBRENATURAL                                                       |

| Celestial, feérico o infernal Grande (a tu elección), neutral

| CA:10+1 por cada nivel del conjuro                                      |l

PG: 5 + 10 por cada nivel del conjuro (el corcel tiene una

cantidad de dados de golpe [d10] igual al nivel del conjuro)

| Velocidad: 18 m, volar 18 m (requiere un conjuro de nivel 4              |

o superior)

MOD.   SALV.           MOD.   SALV.             MOD.   SALV.   ll

Fue 18 +4        +4      Des 12 +1      +1      Conl4 +2         +2      l

InT    6 -2      -2      Sam 12 +l      +1      Car 8-1          -1      |

| Sentidos: Percepción pasiva 11

Idiomas: telepatía 1,5 km (solo funciona contigo)

VD: ninguno (0 PX; BC igual a tu bonificador por competencia)

| ATRIBUTOS

Vínculo vital. Cuando recuperas puntos de golpe mediante

un conjuro de nivel 1 o superior, el corcel recupera la misma |

cantidad de puntos de golpe si estás a 1,5 m o menos de él. |

s   | ACCIONES

Golpetazo sobrenatural. Tirada de ataque cuerpo a cuerpo:                 l

bonificador igual a tu modificador de ataque de conjuros,                 |

alcance 1,5 m. Acierto: 1d8 más el nivel de daño radiante                 |

(celestial), psíquico (feérico) o necrótico (infernal).

ACCIONES ADICIONALES

| Mirada siniestra (solo infernal; se recarga tras un descanso

largo). Tirada de salvación de Sabiduría: CD igual a tu CD

de salvación de conjuros, una criatura a 18 m o menos

que el corcel pueda ver. Fallo: El objetivo tiene el estado

| de asustado hasta el final de tu siguiente turno.                         l

| Paso feérico (solo feérico; se recarga tras un descanso largo). l

El corcel se teletransporta, junto con su jinete, a un espacio |

sin ocupar de tu elección a 18 m o menos del corcel.

Toque sanador (solo celestial; se recarga tras un descanso                |

largo). Una criatura a 1,5 m o menos del corcel recupera

una cantidad de puntos de golpe igual a 2d8 más el nivel

| del conjuro.",pendiente,
Hambre de Hadar,3,Nivel 3,Conjuración,brujo,Acción,45 m,"V, S, M (un tentáculo en salmuera)","Concentración, hasta 1 minuto","Abres un portal al Reino Lejano, una región infestada

de horrores ignotos. Aparece una esfera de oscuridad

de 6 m de radio centrada en un punto dentro del alcance

y que permanece hasta que el conjuro termine. La esfera

se considera terreno difícil y está llena de susurros

extraños y sonidos de succión, audibles a 9 m de distancia.

Ninguna luz mágica u ordinaria puede iluminar la zona,

y las criaturas completamente dentro de ella tendrán el

estado de cegadas.

Cualquier criatura que comience su turno dentro de

la zona recibirá 2d6 de daño de frío. Cualquier criatura

que termine su turno dentro deberá superar una tirada

de salvación de Destreza o recibirá 2d6 de daño de ácido

de unos tentáculos sobrenaturales.

Con un espacio de conjuro de nivel superior. El daño de

frío o de ácido (a tu elección) aumenta en 1d6 por cada

nivel por encima de 3 que tenga el espacio.",pendiente,
Hechizar Monstruo,4,Nivel 4,Encantamiento,,Acción,9 m,"V, S",1 hora,"Una criatura que puedas ver dentro del alcance realiza

una tirada de salvación de Sabiduría. La hace con ventaja

si está luchando contra ti o tus aliados. Si la falla, tendr

estado de hechizada hasta que el conjuro termine o hasta

que tus aliados o tú le hagáis daño. La criatura hechizada

es amistosa contigo, pero cuando el conjuro termine,

sabrá que la hechizaste.

Con un espacio de conjuro de nivel superior. Puedes

hacer objetivo a una criatura adicional por cada nivel

por encima de 4 que tenga el espacio.

AL INSACIABLE HAMBRE DE ÍADAR.",pendiente,
Hechizar Persona,1,Nivel 1,Encantamiento,bardo; brujo; druida; hechicero; mago,Acción,Toque,"V, S","Concentración, hasta 1 minuto","Un humanoide que puedas ver dentro del alcance realiza

una tirada de salvación de Sabiduría. La hace con ventaja

si está luchando contra ti o tus aliados. Si la falla, tendrá el

ago)   estado de hechizado hasta que el conjuro termine o hasta

que tus aliados o tú le hagáis daño. La criatura hechizada

es amistosa contigo, pero cuando el conjuro termine,

sabrá que la hechizaste.

Con un espacio de conjuro de nivel superior. Puedes

hacer objetivo a una criatura adicional por cada nivel

por encima de 1 que tenga el espacio.

á el

HEroÍSMO

Encantamiento de nivel 1 (bardo, paladín)

Insuflas valor a una criatura voluntaria a la que toques.

Hasta que el conjuro termine, la criatura es inmune al

estado de asustada y obtiene una cantidad de puntos

de golpe temporales igual a tu modificador por aptitud

mágica al principio de cada uno de sus turnos.

Con un espacio de conjuro de nivel superior. Puedes

hacer objetivo a una criatura adicional por cada nivel

por encima de 1 que tenga el espacio.",pendiente,
Hoja de Fuego,2,Nivel 2,Evocación,druida; hechicero,Acción adicional,Lanzador,"V, S, M (una hoja de zumaque)","Concentración, hasta 10 minutos","Haces aparecer una hoja ardiente en tu mano libre que es

similar en tamaño y forma a una cimitarra y que durará

hasta que termine el conjuro. Si sueltas la hoja, desaparece

pero puedes volver a invocarla como acción adicional.

Como acción de magia, puedes hacer un ataque de

conjuro cuerpo a cuerpo con la hoja ardiente. Si acierta,

el objetivo sufrirá una cantidad de daño de fuego igual

a 3d6 más tu modificador por aptitud mágica.

La hoja llameante emite luz brillante en un radio de

y luz tenue 3 m más allá.

Con un espacio de conjuro de nivel superior. El daño

aumenta en 1d6 por cada nivel por encima de 2 que tenga

el espacio.",pendiente,
Identificar,1,Nivel 1,Adivinación,bardo; mago,1 minuto o un ritual,Toque,"V, S, M (una perla que valga al menos 100 po)",Instantáneo,"Tocas un objeto durante el lanzamiento del conjuro. Si se

trata de un objeto mágico de un objeto imbuido de magia,

averiguarás sus propiedades y cómo usarlas, si hace falta

sintonizarse con él y cuántas cargas tiene, si corresponde.

Si hay conjuros activos que afecten al objeto, sabrás cuáles

son. Si el objeto se creó mediante un conjuro, averiguarás

su nombre.

Si tocas a una criatura en lugar de un objeto, averiguarás

qué conjuros activos le afectan en ese momento, si hay

alguno.",pendiente,
Ilusión Menor,0,Truco,Ilusionismo,bardo; brujo; hechicero; mago,Acción,9 m,"S, M (un poco de vellón)",1 minuto,"Creas un sonido o una imagen de un objeto situado dentro

del alcance que permanecerá hasta que termine el conjuro.

Consulta las descripciones a continuación para conocer sus

efectos. La ilusión termina si lanzas el conjuro de nuevo.

Si una criatura emplea su acción de estudiar para

examinar la imagen o el sonido, puede determinar que

es una ilusión si supera una prueba de Inteligencia

(Investigación) contra tu CD de salvación de conjuros.

Si la criatura descubre que se trata de una ilusión, esta se

irá desvaneciendo para esa criatura.

Sonido. Si creas un sonido, su volumen se situará

entre el de un susurro y el de un grito. Puede ser tu voz,

la de otra criatura, el rugido de un león, un redoblar de

tambores o cualquier otro sonido que elijas. El sonido

continúa incesante mientras dure el conjuro o puedes

originar sonidos distintos en diferentes momentos antes

del fin del conjuro.

Imagen. Si creas la imagen de un objeto (como una silla,

pisadas embarradas o un pequeño cofre), no podrá ser

mayor que un cubo de 1,5 m de lado. La imagen no puede

generar sonido, luz, olor o cualquier otro efecto sensorial.

La interacción física con la imagen revela que es una

ilusión, ya que las cosas pueden atravesarla.

,",rechazado,
Ilusión Programada,6,Nivel 6,Ilusionismo,bardo; mago,Acción,36 m,,Instantáneo,"Hasta que sea disipado 3m   Componentes: V, S, M (polvo de jade con un valor de al menos 25 po) Creas una ilusión de un objeto, una criatura u otro tipo de fenómeno visible dentro del alcance que se activa cuando se produce una condición específica. Hasta entonces, la ilusión es imperceptible. No puede tener un tamaño mayor que un cubo de 9 m de lado y, cuando lanzas el conjuro, tú decides cómo se comporta y el sonido que emite. Esta actuación programada puede durar hasta 5 minutos. Cuando se produzca la condición especificada, la ilusión se activará y actuará de la manera que hayas descrito. En cuanto finalice su actuación, desaparecerá y permanecerá inactiva durante 10 minutos, tras lo cual podrá volver a activarse la ilusión. La condición puede ser tan genérica o detallada como quieras, aunque debe basarse en fenómenos visuales o audibles que se produzcan a 9 m o menos del área. UN LANZADOR DE CONJUROS PODRÍA USAR ILUSIÓN PROGRAMADA PARA QUE APARETCA UN PERRO GUARDIÁN Y LES PIDA AMABLEMENTE A LOS INTRUSOS QUE SE VAYAN IMAGEN SILENCIOSA PUEDE CREAR ILUSIONES MUNDANAS O EXTRAVAGANTES. Por ejemplo, podrías crear una ilusión de ti para que aparezca y avise a quienes intenten abrir una puerta con trampa. La interacción física con la imagen revela que es una ilusión, ya que las cosas pueden atravesarla. Si una criatura emplea una acción de estudiar para examinar la imagen, puede determinar que es una ilusión si supera una prueba de Inteligencia (Investigación) contra tu CD de salvación de conjuros. Si la criatura descubre que la imagen es una ilusión, no se dejará engañar por ella y lo sonidos que emita le sonarán huecos.",pendiente,
Imagen Mayor,3,Nivel 3,Ilusionismo,bardo; brujo; hechicero; mago,Acción,36 m,"V, S, M (un poco de vellón)","Concentración, hasta 10 minutos","Creas una imagen de un objeto, una criatura u otro tipo

de fenómeno visible cuyas dimensiones no excedan las

de un cubo de 6 m de lado. La imagen aparece en un sitio

que puedas ver dentro del alcance y se mantiene hasta

que termine el conjuro. Parece real e incluye sonidos,

olores y temperatura apropiados para lo que se representa

pero no puede hacer daño ni provocar estados.

Si estás dentro del alcance de la ilusión, puedes utili

una acción de magia para moverla a otro sitio dentro

de dicho alcance. Al cambiarla de sitio, puedes alterar

su apariencia de forma que sus movimientos parezcan

naturales. Por ejemplo, si creas la imagen de una criatur

y la mueves, puedes alterarla de forma que parezca estar

andando. De forma similar, puedes hacer que la ilusión

produzca distintos sonidos en diferentes momentos

e incluso mantener una conversación, por ejemplo.

La interacción física con la imagen revela que es una

ilusión, ya que las cosas pueden atravesarla. Si una

criatura emplea una acción de estudiar para examinar

la imagen, puede determinar que es una ilusión si supera

una prueba de Inteligencia (Investigación) contra tu CD

de salvación de conjuros. Si la criatura descubre que la

imagen es una ilusión, no se dejará engañar por ella y sus

otras cualidades sensoriales se irán desvaneciendo para

esa criatura.

Con un espacio de conjuro de nivel superior. El conjuro

durará hasta que sea disipado y no requerirá concentración

si se lanza con un espacio de conjuro de nivel 4 o superior.",pendiente,
Imagen Múltiple,2,Nivel 2,Ilusionismo,bardo; brujo; hechicero; mago,Acción,Lanzador,"V, S",1 minuto,"En tu espacio aparecen tres duplicados ilusorios de ti.

Hasta que el conjuro termine, estos duplicados se mueven

a la vez que tú e imitan tus acciones cambiando de posición,

por lo que es imposible saber cuál es la imagen real.

Cada vez que una criatura te acierte con una tirada de

ataque mientras dure el conjuro, tira 1d6 por cada uno de

tus duplicados restantes. Si cualquiera de los resultados

es de 3 o más, uno de los duplicados recibe el golpe en tu

lugar y es destruido. Por lo demás, los duplicados ignoran

el resto del daño y efectos. Cuando los tres duplicados son

destruidos, el conjuro termina.

Una criatura no se verá afectada por este conjuro si tiene

s

el estado de cegada, visión ciega o visión verdadera.",pendiente,
Imagen Silenciosa,1,Nivel 1,Ilusionismo,bardo; hechicero; mago,Acción,18 m,"V, S, M (un poco de vellón)","Concentración, hasta 10 minutos","Creas una imagen de un objeto, una criatura u otro tipo

de fenómeno visible cuyas dimensiones no excedan las de

un cubo de 4,5 m de lado. La imagen aparece en un sitio

dentro del alcance y se mantiene hasta el final del conjuro.

La imagen es solamente visual; no está acompañada de

,

sonido, olor u otros efectos sensoriales.

Como acción de magia, puedes mover la imagen

a cualquier sitio dentro del alcance. Al cambiarla de sitio,

zar

puedes alterar su apariencia de forma que sus movimientos

parezcan naturales. Por ejemplo, si creas la imagen de

una criatura y la mueves, puedes alterarla de forma que

parezca estar andando.

a

La interacción física con la imagen revela que es una

ilusión, ya que las cosas pueden atravesarla. Si una

criatura emplea una acción de estudiar para examinar

la imagen, puede determinar que es una ilusión si supera

una prueba de Inteligencia (Investigación) contra tu CD

de salvación de conjuros. Si la criatura descubre que la

imagen es una ilusión, no se dejará engañar por ella.",pendiente,
Impacto Certero,0,Truco,Adivinación,bardo; brujo; hechicero; mago,Acción,Lanzador,"S, M (un arma con la que tengas",Instantáneo,"competencia y que valga al menos 1 pc)

Un destello de perspicacia mágica te guía y haces un

ataque con el arma empleada para lanzar el conjuro.

El ataque usa tu aptitud mágica para las tiradas de ataque

y de daño en lugar de la Fuerza o la Destreza. Si el ataque

inflige daño, puede ser radiante o del tipo de daño normal

del arma (a tu elección).

Mejora de truco. Independientemente de si haces daño

radiante o del tipo normal del arma, el ataque inflige daño

radiante adicional cuando alcanzas los niveles 5 (146),

11 (246) y 17 (346).",ok,
Imponer Maldición,3,Nivel 3,Nigromancia,bardo; clérigo; mago,Acción,Toque,"V, S","Concentración, hasta 1 minuto","Tocas a una criatura, que deberá superar una tirada de

salvación de Sabiduría o quedará maldecida hasta que

el conjuro termine. Hasta que se rompa la maldición,

el objetivo sufrirá uno de los siguientes efectos a tu elecc

+ Elige una característica. El objetivo tendrá desventaja

en las pruebas de característica y tiradas de salvación

hechas con esa característica.

+ El objetivo tendrá desventaja en las tiradas de ataque

contra ti.

- En combate, el objetivo deberá superar una tirada de

salvación de Sabiduría al principio de cada uno de sus

turnos o se verá obligado a llevar a cabo la acción de

esquivar ese turno.

+ Si causas daño al objetivo con una tirada de ataque

o un conjuro, recibirá 1d8 de daño necrótico adicional.

Con un espacio de conjuro de nivel superior. Si lanzas

este conjuro con un espacio de nivel 4, puedes mantener

la concentración en él hasta 10 minutos. Si usas un espacio

de nivel 5 o superior, el conjuro no requiere concentración

y la duración pasará a ser de 8 horas (espacio de nivel 5 o

o de 24 horas (espacio de nivel 7 u 8). Si usas un espacio d

conjuro de nivel 9, el conjuro durará hasta que sea disipado",pendiente,
Indetectable,3,Nivel 3,Abjuración,bardo; explorador; mago,Acción,Toque,"V, S, M (una pizca de diamante en polvo",8 horas,"que valga al menos 25 po, que se consume como parte

del conjuro)

Hasta que termine el conjuro, escondes a un objetivo

que toques ante los conjuros de adivinación. Este puede

ser una criatura voluntaria, o un lugar o un objeto que

no midan más de 3 m en ninguna de sus dimensiones.

El objetivo no podrá ser el objetivo de conjuros de

adivinación ni podrá ser percibido mediante sensores

mágicos de escudriñamiento.",pendiente,
Infligir Heridas,1,Nivel 1,Nigromancia,clérigo,Acción,Toque,"V, S",Instantáneo,"Una criatura a la que toques hace una tirada de salvación

de Constitución; sufrirá 2d10 de daño necrótico si la falla

o la mitad del daño si la supera.

Con un espacio de conjuro de nivel superior. El daño

aumenta en 1d10 por cada nivel por encima de 1 que tenga

el espacio.",pendiente,
Inmovilizar Monstruo,5,Nivel 5,Encantamiento,bardo; brujo; hechicero; mago,Acción,27 m,"V, S, M (un trozo de hierro recto)","Concentración, hasta 1 minuto","ión:   Elige a una criatura que puedas ver dentro del alcance.

El objetivo deberá superar una tirada de salvación de

Sabiduría o tendrá el estado de paralizado hasta que

termine el conjuro. Al final de cada uno de sus turnos,

el objetivo repite la tirada de salvación y, si tiene éxito,

se librará del conjuro.

Con un espacio de conjuro de nivel superior. Puedes

hacer objetivo a una criatura adicional por cada nivel

por encima de 5 que tenga el espacio.",pendiente,
Inmovilizar Persona,2,Nivel 2,Encantamiento,,Acción,18 m,"V, S, M (un trozo de hierro recto) hechicero, mago) 6)     Duración: Concentración, hasta 1 minuto e .      Elige a un humanoide que puedas ver dentro del alcance. El objetivo deberá superar una tirada de salvación de Sabiduría o tendrá el estado de paralizado hasta que termine el conjuro. Al final de cada uno de sus turnos, el objetivo repite la tirada de salvación y, si tiene éxito, se librará del conjuro.",,"Con un espacio de conjuro de nivel superior. Puedes

hacer objetivo a un humanoide adicional por cada nivel

por encima de 2 que tenga el espacio.",pendiente,
Insecto Gigante,4,Nivel 4,Conjuración,druida,Acción,18 m,"V, S","Concentración, hasta 10 minutos","Invocas una araña, una avispa o un ciempiés gigantes

(a tu elección cuando lanzas el conjuro). Se manifiesta en

un espacio sin ocupar que puedas ver dentro del alcance

y utiliza el perfil del insecto gigante. La forma que

elijas determina ciertos aspectos de su perfil. La criatura

desaparecerá si sus puntos de golpe se reducen a 0 o si

el conjuro termina.

l Bestia Grande, sin alineamiento

CA: 11 + el nivel del conjuro

PG: 30 + 10 por cada nivel del conjuro superior al 4

Velocidad: 12 m, trepar 12 m, volar 12 m (solo avispa)

MOD.   SALV.           M         LV          MOD

Fue 174343               Des 13 HI    70+10     Con 151+2

nr 4 EEN                 Sab ION                [Cars EAS

Sentidos: visión en la oscuridad 18 m, Percepción pasiva 12

Idiomas: entiende los idiomas que conozcas

VD: ninguno (0 PX; BC igual a tu bonificador por competenci

ATRIBUTOS

Trepar cual arácnido. El insecto puede trepar por superfici

difíciles e incluso recorrer techos sin tener que realizar

pruebas de característica.

ACCIONES

Ataque múltiple. El insecto realiza una cantidad de ataques

igual a la mitad del nivel de este conjuro (redondeado

hacia abajo).

Punzada venenosa. Tirada de ataque cuerpo a cuerpo:

bonificador igual a tu modificador de ataque de conjuros,

alcance 3 m. Acierto: 1d6 + 3 más el nivel del conjuro de

daño perforante más 1d4 de daño de Veneno.

Proyectil de telarañas (solo araña). Tirada de ataque a dis

bonificador igual a tu modificador de ataque de conjuros,

alcance 18 m. Acierto: 1410 + 3 más el nivel del conjuro de

contundente y la velocidad del objetivo se reduce a O hasta

el principio del siguiente turno del insecto.

ACCIONES ADICIONALES

Escupitajo venenoso (solo ciempiés). Tirada de salvación de

Constitución: tu CD de salvación de conjuros, una criatura

que el insecto pueda ver a 3 m o menos. Fallo: el objetivo

tendrá el estado de envenenado hasta el principio del

siguiente turno del insecto.

La criatura se considera un aliado para tus aliados

y para ti. En combate, la criatura comparte tu orden de

iniciativa, pero su turno va justo después del tuyo, obedece

tus órdenes verbales (no requiere acción) y, si no le das

ninguna, realiza la acción de esquivar y usa su movimiento

para evitar el peligro.

Con un espacio de conjuro de nivel superior. Usa el nivel

del espacio de conjuro para determinar el nivel del conjuro

en el perfil.",pendiente,
Invertir la Gravedad,7,Nivel 7,Transmutación,druida; hechicero; mago,Acción,30 m,"V, S, M (un imán natural y virutas de hierro)","Concentración, hasta 1 minuto","Este conjuro invierte la gravedad en un cilindro de 15 m

de radio y 30 m de alto centrado en un punto dentro del

alcance. Todas las criaturas y objetos dentro de la zona

que no estén fijados al suelo caerán hacia arriba y llegarán

.   SALV.            a la parte superior del cilindro. Una criatura puede hacer

+2.     |        una tirada de salvación de Destreza para agarrarse a un

objeto fijo a su alcance y así evitar la caída hacia arriba.

|     Si un techo o un objeto fijo se interpone en la caída, las

l                   criaturas y objetos chocan contra él como harían en una

|                   caída normal hacia abajo. Si una criatura u objeto llega

a)                   a la parte superior del cilindro sin chocarse con nada,

permanecerá allí flotando hasta que el conjuro termine.

Cuando ocurra, las criaturas y objetos afectados caerán

es                   hacia abajo.",pendiente,
Invisibilidad,2,Nivel 2,Ilusionismo,bardo; brujo; hechicero; mago,Acción,Toque,"V, S, M (una pestaña envuelta en goma arábiga) Duración: Concentración, hasta 1 hora",,"Una criatura a la que tocas tiene el estado de invisible

hasta que el conjuro termine. El conjuro terminará

tancia:              inmediatamente después de que el objetivo haga una

tirada de ataque, cause daño o lance un conjuro.

daño                  Con un espacio de conjuro de nivel superior. Puedes

hacer objetivo a una criatura adicional por cada nivel

|l       por encima de 2 que tenga el espacio.

fl",pendiente,
Espíritu Aberrante (contemplador) Invisibilidad Mejorada,4,Nivel 4,Ilusionismo,bardo; hechicero; mago,Acción,Toque,"V, S","Concentración, hasta 1 minuto","Una criatura a la que tocas tiene el estado de invisible

hasta que el conjuro termine.",pendiente,
Invocación Instantánea de Drawmij,6,Nivel 6,Conjuración,mago,1 minuto o un ritual,Toque,"V, S, M (un zafiro que valga al menos 1000 po)",Hasta que sea disipado,"Tocas el zafiro empleado en el lanzamiento y un objeto

que pese 5 kg o menos y cuya dimensión más grande sea

de 1,8 m o menos. El conjuro deja una marca invisible

en su superficie y graba de la misma forma el nombre

del objeto en el zafiro. Cada vez que lances este conjuro,

deberás usar un zafiro distinto.

A partir de entonces, podrás emplear una acción de

magia para decir el nombre del objeto y aplastar el zafiro.

El objeto aparecerá en tu mano al instante, sin importar

las distancias físicas o interplanares, y el conjuro termina

Si otra criatura sostiene o lleva el objeto consigo, apla

el zafiro no lo llevará hasta ti. En su lugar, descubrirás

quién es la criatura que lo tiene y su paradero actual.",pendiente,
Invocar Aberración,4,Nivel 4,Conjuración,brujo; mago,Acción,27 m,"V, S, M (una caja de seguridad que valga","Concentración, hasta 1 hora","ocular en un vial con incrustaciones de platino que valga

al menos 400 po)

Invocas un espíritu aberrante que se manifiesta en un

espacio sin ocupar que puedas ver dentro del alcance y usa

el perfil del espíritu aberrante. Cuando lances el conjuro,

elige azotamentes, contemplador o slaad. La criatura se

parecerá a una aberración de ese tipo, lo que determinará

ciertos detalles de su perfil. La criatura desaparecerá si sus

puntos de golpe se reducen a O o si el conjuro termina.

La criatura se considera un aliado para tus aliados

y para ti. En combate, comparte tu orden de iniciativa,

pero su turno va justo después del tuyo, obedece tus

órdenes verbales (no requiere acción) y, si no le das ninguna,

realiza la acción de esquivar y usa su movimiento para

evitar el peligro.

Con un espacio de conjuro de nivel superior. Usa el nivel

del espacio de conjuro para determinar el nivel del conjuro

en el perfil.

>       ARA                                         a                     >

1 ESPÍRITU ABERRANTE

WI

Aberración Mediana, neutral

| CA: 11 + el nivel del conjuro

PG: 40 + 10 por cada nivel del conjuro superior al 4

| Velocidad: 9 m, volar 9 m (levitar; solo contemplador)

MOD.   SALV.          MOD.   SALV.          MOD.   SALV.

Fue 16 +3       +3      Des10 +0      +0       Con15 +2     +2

Int 16 +3       +3      Sam 10 +0     +0      Car 6 -2      -2

inmunidades: psíquico

Sentidos: visión en la oscuridad 18 m, Percepción pasiva 10

Idiomas: habla de las profundidades, entiende los idiomas

que conozcas

VD: ninguno (0 PX; BC igual a tu bonificador por competencia)

ATRIBUTOS

Aura susurrante (solo azotamentes). Al comienzo de todos

los turnos del espíritu, este emite energía psiónica si no tiene

el estado de incapacitado. Tirada de salvación de Sabiduría:

CD igual a tu CD de salvación de conjuros, todas las

criaturas (excepto tú) a 1,5 m o menos del espíritu.             |

Fallo: 2d6 de daño psíquico.                                     |

Regeneración (solo slaad). El espíritu recupera 5 puntos

de golpe al principio de su turno si tiene al menos 1.

ACCIONES

Ataque múltiple. El espíritu realiza una cantidad de ataques

igual a la mitad del nivel de este conjuro (redondeado

rá.       hacia abajo).

star    | Garra (solo slaad). Tirada de ataque cuerpo a cuerpo:

| bonificador igual a tu modificador de ataque de conjuros,

alcance 1,5 m. Acierto: 1410 + 3 + el nivel del conjuro de

daño cortante y el objetivo no podrá recuperar puntos de

golpe hasta el principio del siguiente turno del espíritu.

Golpe psíquico (solo azotamentes). Tirada de ataque cuerpo

a cuerpo: bonificador igual a tu modificador de ataque

| de conjuros, alcance 1,5 m. Acierto: 148 + 3 + el nivel del

[| conjuro de daño psíquico.

Rayo ocular (solo contemplador). Tirada de ataque a distancia:

| bonificador igual a tu modificador de ataque de conjuros,

| alcance 45 m. Acierto: 1d3 + 3 + el nivel del conjuro de

daño psíquico.

mm

ESPÍRITU AUTÓMATA

Autómata Mediano, neutral

CA: 13 + el nivel del conjuro

PG: 40 + 15 por cada nivel del conjuro superior al 4

| Velocidad: 9 m

MOD.   SALY.          MOD.   SAL'           M

Fue 18 +4       +4      Des10+0       +0     Conl3 +4

InT 14 +2       +2      Sab 11 +0     +0     Car 5 -3

| Resistencias: veneno

| | Inmunidades: asustado, cansancio, envenenado, hechizado,

[|     paralizado

|| Sentidos: visión en la oscuridad 18 m, Percepción pasiva

| Idiomas: entiende los idiomas que conozcas

VD: ninguno (0 PX; BC igual a tu bonificador por

competencia)

ATRIBUTOS

| Cuerpo abrasador (solo metal). Una criatura que acierte a

| espíritu con un ataque cuerpo a cuerpo o empiece su turno

| en un agarre con el espíritu sufre 1410 de daño de fuego.

| Letargo pétreo (solo piedra). Cuando una criatura empieza

| su turno a 3 m o menos del espíritu, este puede hacerla

objetivo con energía mágica si puede verla. Tirada de

salvación de Sabiduría: CD igual a tu CD

de salvación

de conjuros, el objetivo. Fallo: hasta el principio de

siguiente turno, el objetivo no puede realizar ataques

de oportunidad y su velocidad se reduce a la mitad.

ACCIONES

Ataque múltiple. El espíritu realiza una cantidad de at

con su golpe igual a la mitad del nivel de este conjuro

(redondeado hacia abajo).

Golpe. Tirada de ataque cuerpo a cuerpo: bonificador ig

a tu modificador de ataque de conjuros, alcance 1,5 m.

Acierto: 148 + 4 + el nivel del conjuro de daño contund

REACCIONES

Azote berserk (solo arcilla). Detonante: el espíritu re

daño de una criatura. Respuesta: el espíritu realiza un

ataque con su golpe contra esa criatura si es posible

o se mueve hasta la mitad de su velocidad hacia esa

criatura sin provocar ataques de oportunidad.

ESPÍRITU AUTÓMATA

(PIEDRA)

OD.    SALV.

+4

-3

l              INVOCAR AUTÓMATA

Conjuración de nivel 4 (mago)

al menos 400 po)

su

Invocas el espíritu de un autómata, que se manifiesta en

un espacio sin ocupar que puedas ver dentro del alcance

y usa el perfil del espíritu autómata. Cuando lances

el conjuro, elige un material: arcilla, metal o piedra.

La criatura parecerá una estatua animada (tú decides

aques          el aspecto) hecha del material en cuestión, lo que

determinará ciertos detalles de su perfil. La criatura

desaparecerá si sus puntos de golpe se reducen a 0 o si el

ual            conjuro termina.

La criatura se considera un aliado para tus aliados

ente.          y para ti. En combate, la criatura comparte tu orden

de iniciativa, pero su turno va justo después del tuyo,

obedece tus órdenes verbales (no requiere acción) y,

cibe           si no le das ninguna, realiza la acción de esquivar y usa

su movimiento para evitar el peligro.

Con un espacio de conjuro de nivel superior. Usa el nivel

del espacio de conjuro para determinar el nivel del conjuro

en el perfil.",pendiente,
Invocar Bestia,2,Nivel 2,Conjuración,druida; explorador,Acción,27 m,"V, S, M (un relicario que valga al menos 500 po)","Concentración, hasta 1 hora","de pez dentro de una bellota bañada en oro que valga al

menos 200 po)

Invocas un espíritu bestial que se manifiesta en un espacio

sin ocupar que puedas ver dentro del alcance y usa el

perfil del espíritu bestial. Cuando lances el conjuro, elig

un hábitat: tierra, mar o aire. La criatura se parecerá a u

animal de tu elección de ese hábitat, lo que determinará

ciertos detalles de su perfil. La criatura desaparecerá si

sus puntos de golpe se reducen a O o si el conjuro termina.

La criatura se considera un aliado para tus aliados

y para ti. En combate, la criatura comparte tu orden

de iniciativa, pero su turno va justo después del tuyo,

obedece tus órdenes verbales (no requiere acción) y,

si no le das ninguna, realiza la acción de esquivar y usa

su movimiento para evitar el peligro.

Con un espacio de conjuro de nivel superior. Usa el nivel

del espacio de conjuro para determinar el nivel del conjuro

en el perfil.

ESPÍRITU BESTIAL

Bestia Pequeña, neutral

CA: 11 + el nivel del conjuro

PG: 20 (solo aire) o 30 (solo mary tierra) + 5 por cada niv

del conjuro superior al 2

| Velocidad: 9 m, nadar 9 m (solo mar), trepar 9 m (solo tie

volar 18 m (solo aire)

MOD.   SALV.          MOD.   SALV.          MOD.

Fue 18 +4        +4      Des 11 +0     +0      ConNl6 +3

INT 4-3          -3      Sab 14 +2     +2      Car 5 -3

Sentidos: visión en la oscuridad 18 m, Percepción pasiva 12

Idiomas: entiende los idiomas que conozcas

VD: ninguno (0 PX; BC igual a tu bonificador por competenci

ATRIBUTOS

Atacar en manada (solo mar   y tierra). El espíritu tiene

ventaja en una tirada de ataque contra una criatura si al

menos uno de los aliados del espíritu se encuentra a 1,5 m

o menos de la criatura y no tiene el estado de incapacitado

Pasar volando (solo aire). El espíritu no provoca ataques d

oportunidad cuando vuela para ponerse fuera del alcance

de un enemigo.

Respirar en el agua (solo mar). El espíritu solo puede

respirar bajo el agua.

ACCIONES

Ataque múltiple. El espíritu realiza una cantidad de ataque

de desgarro igual a la mitad del nivel de este conjuro

(redondeado hacia abajo).

Desgarro. Tirada de ataque cuerpo a cuerpo: bonificador

igual a tu modificador de ataque de conjuros, alcance 1,5 m

Acierto: 148 + 4 + el nivel del conjuro de daño perforante.

dde

e

n

EsPÍRITU CELE

(VENGADOR)

el

rra),

SALV.

-3

INVOCAR CELESTIAL

a)             Conjuración de nivel 5 (clérigo, paladín)

Invocas un espíritu celestial que se manifiesta con una

.              forma angelical en un espacio sin ocupar que puedas ver

e              dentro del alcance y usa el perfil del espíritu celestial.

Cuando lances el conjuro, elige defensor o vengador.

Tu elección determinará ciertos detalles de su perfil.

La criatura desaparecerá si sus puntos de golpe se reducen

a 0 o si el conjuro termina.

La criatura se considera un aliado para tus aliados

y para ti. En combate, la criatura comparte tu orden

s              de iniciativa, pero su turno va justo después del tuyo,

obedece tus órdenes verbales (no requiere acción) y,

si no le das ninguna, realiza la acción de esquivar y usa

su movimiento para evitar el peligro.

Con un espacio de conjuro de nivel superior. Usa el nivel

. |

del espacio de conjuro para determinar el nivel del conjuro

[

en el perfil.",pendiente,
Invocar Dragón,5,Nivel 5,Conjuración,mago,Acción,18 m,"V, S, M (un objeto con la imagen de un","Concentración, hasta 1 hora","dragón grabada en él que valga al menos 500 po)

Invocas el espíritu de un dragón, que se manifiesta en u

espacio sin ocupar que puedas ver dentro del alcance y u

el perfil del espíritu dracónico. La criatura desaparece

si sus puntos de golpe se reducen a 0 o si el conjuro

termina.

La criatura se considera un aliado para tus aliados

y para ti. En combate, la criatura comparte tu orden

de iniciativa, pero su turno va justo después del tuyo,

obedece tus órdenes verbales (no requiere acción) y,

si no le das ninguna, realiza la acción de esquivar y us

su movimiento para evitar el peligro.

Con un espacio de conjuro de nivel superior. Usa el ni

del espacio de conjuro para determinar el nivel del conj

en el perfil.

==                  A               >

| ESPÍRITU CELESTIAL

I| Celestial Grande, neutral

| CA: 11 + el nivel del conjuro

J    + 2 (solo defensor)

l PG: 40 + 10 por cada nivel del conjuro superior al 5

| Velocidad: 9 m, volar 12 m

|              MOD. SALV.           MOD. SALV.

| FUE T6 +3          +3     Des14 +2      +2          CoNl6

InT 10 +0        +0      SaB 14 +2   +2           CAR 16

Resistencias: radiante

Inmunidades: asustado, hechizado

Sentidos: visión en la oscuridad 18 m, Percepción pasiva

Idiomas: celestial, entiende los idiomas que conozcas

VD: ninguno (0 PX; BC igual a tu bonificador por compete

| ACCIONES                                       za

l Ataque múltiple. El espíritu realiza una cantidad de ataqu

| igual a la mitad del nivel de este conjuro (redondeado

| hacia abajo).

| Maza radiante (solo defensor). Tirada de ataque cuerpo

La cuerpo: bonificador igual a tu modificador de ataque de

conjuros, alcance 1,5 m. Acierto: 1410 + 3 + el nivel de

| conjuro de daño radiante, y el espíritu puede elegirse así

| mismo o a otra criatura que pueda ver a 3 m o menos del

objetivo. La criatura elegida gana 1410 puntos de golpe

temporales.

| Arco radiante (solo vengador). Tirada de ataque a distanc

| bonificador igual a tu modificador de ataque de conjuros

| alcance 180 m. Acierto: 2d6 + 2 + el nivel del conjuro d

daño radiante.

Toque sanador (1/día). El espíritu toca a otra criatura.

El objetivo recupera una cantidad de puntos de golpe igu

a 2d8 + el nivel del conjuro.

n

sa

rá

Espíritu

DRACÓNICO

CERÍO)

a

vel

uro

ESPÍRITU DRACÓNICO

Dragón Grande, neutral

CA: 14 + el nivel del conjuro

PG: 50 + 10 por cada nivel del conjuro superior al 5

Velocidad: 9 m, nadar 9 m, volar 18 m

MOD. SALV.       |

MOD. SALV.           MOD. SALV.           MOD. SALV.

+3    +3                 Fue 19 +4      +4      Des 14 +2    +2      CON17 +3        +3

+3   +3                 InT 10 +0      +0      Sab 14 +2    +2      CAR 14 +2       +2

Resistencias: ácido, frío, fuego, relámpago, veneno

Inmunidades: asustado, envenenado, hechizado                     I

12                     Sentidos: visión ciega 9 m, visión en la oscuridad 18 m,

Percepción pasiva 12

ncia) |                 Idiomas: dracónico, entiende los idiomas que conozcas

|         VD: ninguno (0 PX; BC igual a tu bonificador por competencia)

es                      ATRIBUTOS

| Resistencias compartidas. Cuando invoques al espíritu,

elige una de sus resistencias. Tienes resistencia al tipo

de daño elegido hasta que el conjuro termine.

l                       ACCIONES

|    | Ataque múltiple. El espíritu realiza una cantidad de

l| ataques de desgarro igual a la mitad del nivel del conjuro

(redondeado hacia abajo) y utiliza su ataque de aliento.

Il     Desgarro. Tirada de ataque cuerpo a cuerpo: bonificador

ia:               |      igual a tu modificador de ataque de conjuros, alcance 3 m.

,                 |    | Acierto: 1d6 + 4 + el nivel del conjuro de daño perforante.

e                       Ataque de aliento. Tirada de salvación de Destreza: CD igual

a tu CD de salvación de conjuros, todas las criaturas en

un cono de 9 m. Fallo: 2d6 de daño de un tipo al que este

al                      espíritu tenga resistencia (a tu elección cuando lanzas el

conjuro). Éxito: la mitad del daño.",pendiente,
Invocar Elemental,4,Nivel 4,Conjuración,druida; explorador; mago,Acción,27 m,"V, S, M (aire, un guijarro, ceniza y agua","Concentración, hasta 1 hora","dentro de un vial con incrustaciones de oro que valg

al menos 400 po)

Invocas un espíritu elemental que se manifiesta en un

espacio sin ocupar que puedas ver dentro del alcance y

el perfil del espíritu elemental. Cuando lances el con

elige un elemento: agua, aire, fuego o tierra. La cria

parecerá a un ser bípedo envuelto en el elemento elegi

lo que determinará ciertos detalles de su perfil. La c

desaparecerá si sus puntos de golpe se reducen a 0 o s

conjuro termina.

La criatura se considera un aliado para tus aliados

y para ti. En combate, la criatura comparte tu orden d

iniciativa, pero su turno va justo después del tuyo, o

tus órdenes verbales (no requiere acción) y, si no le

ninguna, realiza la acción de esquivar y usa su movimi

para evitar el peligro.

Con un espacio de conjuro de nivel superior. Usa el

del espacio de conjuro para determinar el nivel del co

en el perfil.

p—

ESPÍRITU ELEMENTAL

Elemental Mediano, neutral

CA: 11 + el nivel del conjuro

PG: 50 + 10 por cada nivel del conjuro superior al 4

Velocidad: 12 m, excavar 12 m (solo tierra), nadar 12 m

(solo agua), volar 12 m (levitar; solo aire)

MOD. SALV.            MOD. SALV.          MOD. SALV.

Fue 18 +4      +4     Des 15+2       +2     CoN17 +3     +3

InT 4-3        -3     Sam 10 +0      +0     CAR 16 +3    +3

Resistencias: ácido (solo agua), cortante y perforante

(solo tierra), relámpago y trueno (solo aire)

Inmunidades: fuego (solo fuego), veneno; cansancio,

a            envenenado, paralizado, petrificado

Sentidos: visión en la oscuridad 18 m, Percepción pasiva 10

Idiomas: primordial, entiende los idiomas que conozcas

| VD: ninguno (0 PX; BC igual a tu bonificador por competencia)

usa      | ATRIBUTOS

juro,

tura se    Forma amorfa (solo agua, aire y fuego). El espíritu puede

do,        moverse a través de un espacio de solo 2,5 cm de ancho

riatura    sin que cuente como terreno difícil.

i el       ACCIONES

Ataque múltiple. El espíritu realiza una cantidad de ataques

e          con su golpe igual a la mitad del nivel de este conjuro

bedece     (redondeado hacia abajo).

das        Golpe. Tirada de ataque cuerpo a cuerpo: bonificador igual

ento       a tu modificador de ataque de conjuros, alcance 1,5 m.

Acierto: 1410 + 4 + el nivel del conjuro de daño contundente

nivel      (solo tierra), de frío (solo agua), de fuego (solo fuego)

njuro      o de relámpago (solo aire).",pendiente,
Invocar Feérico,3,Nivel 3,Conjuración,brujo; druida; explorador; mago,Acción,27 m,"V, S, M (una flor bañada.en oro que valga","Concentración, hasta 1 hora","al menos 300 po)

Invocas un espíritu feérico que se manifiesta en un espacio

sin ocupar que puedas ver dentro del alcance y usa el perfil

del espíritu feérico. Cuando lances el conjuro, elige un

estado de ánimo: alegre, burlón o enfurecido. La criatura

se parecerá a un ser feérico de tu elección con ese estado

de ánimo, lo que determinará ciertos detalles de su perfil.

La criatura desaparecerá si sus puntos de golpe se reducen

a 0 o si el conjuro termina.

La criatura se considera un aliado para tus aliados

y para ti. En combate, la criatura comparte tu orden de

iniciativa, pero su turno va justo después del tuyo, obedece

tus órdenes verbales (no requiere acción) y, si no le das

ninguna, realiza la acción de esquivar y usa su movimiento

para evitar el peligro.

Con un espacio de conjuro de nivel superior. Usa el nivel

del espacio de conjuro para determinar el nivel del conjuro

en el perfil.

CONVOCAR A UN ESPÍRITU FEÉRICO ENFURECIDO:

r

Feérico Pequeño, neutral

CA: 12 + el nivel del conjuro

| PG: 30 + 10 por cada nivel del conjuro superior al 3

Velocidad: 9 m, volar 9 m

MOD.   SALV.         MOD.   SALV.          MOD.   SALV.

Fue 13 +1       +1.     Des16 +3     +3      Conl4 +2      +2

InT 14 +2       +2      SAB 11 +0 +0         Car 16 +3     +3

Inmunidades: hechizado

Sentidos: visión en la oscuridad 18 m, Percepción pasiva 10

Idiomas: silvano, entiende los idiomas que conozcas

VD: ninguno (0 PX; BC igual a tu bonificador por competencia)

ACCIONES

Ataque múltiple. El espíritu realiza una cantidad de ataques

con su filo feérico igual a la mitad del nivel de este conjuro

(redondeado hacia abajo).

Filo feérico. Tirada de ataque cuerpo a cuerpo: bonificador

igual a tu modificador de ataque de conjuros, alcance 1,5 m.

| Acierto: 2d6 + 3 + el nivel del conjuro de daño de fuerza.

ACCIONES ADICIONALES

Paso feérico. El espíritu se teletransporta mágicamente hasta

9 ma   un espacio sin ocupar que pueda ver. A continuación,

se produce uno de los siguientes efectos, en función del

ánimo elegido para el espíritu:

Alegre. Tirada de salvación de Sabiduría: CD igual a tu CD

de salvación de conjuros, una criatura que el espíritu

pueda ver a 3 m o menos de sí. Fallo: el objetivo queda

hechizado por ti y el espíritu durante 1 minuto o hasta

que sufra algún tipo de daño.

Burlón. El espíritu llena de oscuridad mágica un cubo

de 3 m de lado a 1,5 m o menos de él, que durará

hasta el final de su siguiente turno.

Enfurecido. El espíritu tiene ventaja en la siguiente tirada

de ataque que realice antes del final de este turno.",pendiente,
Invocar Infernal,6,Nivel 6,Conjuración,brujo; mago,Acción,27 m,"V, S, M (un vial con sangre que valga","Concentración, hasta 1 hora","al menos 600 po)

Invocas un espíritu infernal que se manifiesta en un

espacio sin ocupar que puedas ver dentro del alcance

y usa el perfil del espíritu infernal. Cuando lances

el conjuro, elige demonio, diablo o yugoloth.

La criatura se parecerá a un infernal del tipo

elegido, lo que determinará ciertos detalles

de su perfil. La criatura desaparecerá si sus

puntos de golpe se reducen a 0 o si el conjuro

termina.

La criatura se considera un aliado para

tus aliados y para ti. En combate, la criatura

comparte tu orden de iniciativa, pero su

turno va justo después del tuyo, obedece tus

órdenes verbales (no requiere acción) y, si no

le das ninguna, realiza la acción de esquivar

y usa su movimiento para evitar el peligro.

Con un espacio de conjuro de nivel superior.

Usa el nivel del espacio de conjuro para determinar

el nivel del conjuro en el perfil.

ESPÍRITU INFERNAL

Infernal Grande, neutral

CA: 12 + el nivel del conjuro

PG: 50 (solo demonio) o 40 (solo diablo) o 60 (solo

| yugoloth) + 15 por cada nivel del conjuro superior al 6

| Velocidad: 12 m, trepar 12 m (solo demonio), volar 18 m

(solo diablo)

|              MOD. SALV           MOD. SALV

| Fue 13 +1          +1.    Des 16 +3       +3.   CoNn15 +2

InT 10 +0       +0     Sam 10 +0       +0    Car 16 +3

|| Resistencias: fuego

l inmunidades: veneno; envenenado

[| Sentidos: visión en la oscuridad 18 m, Percepción pasiva

[| Idiomas: abisal, infernal; telepatía 18 m

[| VD: ninguno (0 PX; BC igual a tu bonificador por competen

| ATRIBUTOS

| Resistencia mágica. El espíritu tiene ventaja en las tirad

| de salvación contra conjuros y otros efectos mágicos.

| Últimos estertores (solo demonio). Cuando los puntos de

| golpe del espíritu se reduzcan a 0 o el conjuro termine,

| el espíritu explotará. Tirada de salvación de Destreza:

| CDiigual a tu CD de salvación de conjuros, todas las cria

| en una emanación de 3 m que se origina en el espíritu.

ESPÍRITU INFERNAL

(DIABLO)

Fallo: 2410 más el nivel de este conjuro de daño de fuego.

Éxito: la mitad del daño.

Vista del diablo (solo diablo). La oscuridad mágica no

dificulta la visión en la oscuridad del espíritu.

MOD. SALV   ACCIONES

+2     Ataque múltiple. El espíritu realiza una cantidad de ataques

+3     igual a la mitad del nivel de este conjuro (redondeado

hacia abajo).

Garras (solo yugoloth). Tirada de ataque cuerpo a cuerpo:

10          bonificador igual a tu modificador de ataque de conjuros,      |

alcance 1,5 m. Acierto: 148 + 3 + el nivel del conjuro de

cia)        daño cortante. Inmediatamente después de que el ataque           |

acierte o falle, el espíritu puede teletransportarse hasta 9 m |

a un espacio sin ocupar que pueda ver.                               |

as

Mordisco (solo demonio). Tirada de ataque cuerpo a cuerpo:

bonificador igual a tu modificador de ataque de conjuros,

alcance 1,5 m. Acierto: 1412 + 3 + el nivel del conjuro de        |

daño necrótico.                                                  l

Golpe ardiente (solo diablo). Tirada de ataque cuerpo            l

turas

a cuerpo o a distancia: bonificador igual a tu modificador       l

de ataque de conjuros, alcance 1,5 m o 45 m a distancia.         ll

Acierto: 2d6 + 3 + el nivel del conjuro de daño de fuego.        |",pendiente,
Invocar Muerto Viviente,3,Nivel 3,Nigromancia,brujo; mago,Acción,27 m,"V, S, M (una calavera bañada en oro que","Concentración, hasta 1 hora","valga al menos 300 po)

Invocas un espíritu muerto viviente que se manifiesta en

un espacio sin ocupar que puedas ver dentro del alcance

y usa el perfil del espíritu muerto viviente. Cuando

lances el conjuro, elige la forma de la criatura: esquel

fantasmal o pútrida. El espíritu se parecerá a un muerto

viviente con la forma elegida, lo que determinará cierto

detalles de su perfil. La criatura desaparecerá si sus p

de golpe se reducen a 0 o si el conjuro termina.

La criatura se considera un aliado para tus aliados

y para ti. En combate, la criatura comparte tu orden

de iniciativa, pero su turno va justo después del tuyo,

obedece tus órdenes verbales (no requiere acción) y,

si no le das ninguna, realiza la acción de esquivar y us

su movimiento para evitar el peligro.

Con un espacio de conjuro de nivel superior. Usa el n

del espacio de conjuro para determinar el nivel del conj

en el perfil.

[ESPÍRITU MUERTO VIVIENTE

| Muerto viviente Mediano, neutral

| CA: 11 + el nivel del conjuro

| PG: 30 (solo fantasmal o pútrido) o 20 (solo esquelético)

| 10 por cada nivel del conjuro superior al 3

| Velocidad: 9 m, volar 12 m (levitar; solo fantasmal)

MOD.   SALV.         M      SALV.         MOD

| Fue 12 +1           +1       Des16+3   +3"" CoN15 +2

INT 4-3          -3      Sam 10+0   +0        Car 9 -1

| Inmunidades:   necrótico, veneno; asustado, cansancio,

envenenado, paralizado

Sentidos: visión en la oscuridad 18 m, Percepción pasiva

Idiomas: entiende los idiomas que conozcas

[| VD: ninguno (0 PX; BC igual a tu bonificador por competen

ATRIBUTOS

Aura purulenta (solo pútrido). Tirada de salvación de

[| Constitución: CD igual a tu CD de salvación de conjuros,

| cualquier criatura (excepto tú) que empiece su turno en

una emanación de 1,5 m que se origina en el espíritu.

| Fallo: la criatura tiene el estado de envenenada hasta

| el principio de su siguiente turno.

Pasaje incorpóreo (solo fantasmal). El espíritu puede mo

a través de otras criaturas y objetos como si fueran ter

difícil. Si acaba su turno dentro de un objeto, se despl

Q                                                  E

ética,

s

untos

a

ivel

uro

ESPÍRITU MUERTO VIVIENTE (FANTASMAL)

espacio sin ocupar más cercano y recibe 1410 de daño de            |

+           fuerza por cada 1,5 m recorridos.                                  l

ACCIONES                                                           |[

.   SALV.   Ataque múltiple. El espíritu realiza una cantidad de ataques | I

+2      igual a la mitad del nivel de este conjuro (redondeado                 '

hacia abajo).                                                      l

-1

Garra purulenta (solo pútrido). Tirada de ataque cuerpo                |

a cuerpo: bonificador igual a tu modificador de ataque                 |

10          de conjuros, alcance 1,5 m. Acierto: 1d6 + 3 + el nivel del

conjuro de daño cortante. Si el objetivo tiene el estado de

cia)        envenenado, tendrá el estado de paralizado hasta el final

de su siguiente turno.

Toque mortal (solo fantasmal). Tirada de ataque cuerpo

a cuerpo: bonificador igual a tu modificador de ataque

de conjuros, alcance 1,5 m. Acierto: 143 + 3 + el nivel del

conjuro de daño necrótico y el objetivo tiene el estado de

asustado hasta el final de su siguiente turno.

Rayo sepulcral (solo esquelético). Tirada de ataque a distancia:

bonificador igual a tu modificador de ataque de conjuros,

verse       alcance 45 m. Acierto: 2d4 + 3 + el nivel del conjuro de daño

reno        necrótico.

aza al",pendiente,
Jaula de Fuerza,7,Nivel 7,Evocación,bardo; brujo; mago,Acción,30 m,"V, S, M (polvo de rubí que valga al menos","Concentración, hasta 1 hora","1500 po, que se consume como parte del conjuro)

Una prisión inmóvil e invisible con forma de cubo

y compuesta de fuerza mágica surge en una zona de tu

elección dentro del alcance. Puede ser una jaula o una

caja de paredes sólidas, según desees.

Una prisión con forma de jaula puede tener hasta 6 m

de lado y estar hecha de barrotes de 1,25 cm de diámetro

separados 1,25 cm entre sí. Una prisión con forma de caja

puede tener hasta 3 m de lado. Creará una barrera sólida

que impida que cualquier materia la atraviese y bloqueará

cualquier conjuro que se lance a esa zona o desde ella.

Cuando lances el conjuro, cualquier criatura que

esté completamente dentro del área de la jaula quedará

atrapada en ella. A las criaturas que se encuentren solo

parcialmente dentro del área o sean demasiado grandes

para caber en ella se las empujará lejos del centro de la

jaula hasta estar completamente fuera de la zona.

Una criatura que esté dentro de la jaula no puede salir

de ella por medios que no sean mágicos. Si la criatura

intenta usar el teletransporte o el viaje interplanar para

huir, primero deberá hacer una tirada de salvación de

Carisma. Si la supera, podrá usar esa magia para salir de la

jaula. Si falla la tirada, no saldrá y se perderá el espacio

conjuro o el efecto. La jaula también se extiende hasta el

Plano Etéreo e impide el viaje etéreo.

Este conjuro no se puede eliminar mediante disipar magia.",pendiente,
Laberinto,8,Nivel 8,Conjuración,mago,Acción,18 m,"V, S","Concentración, hasta 10 minutos","Destierras a una criatura que puedas ver dentro

del alcance a un semiplano laberíntico. El objetivo

permanecerá allí hasta que termine el conjuro o hasta

que escape del laberinto.

El objetivo puede llevar a cabo una acción de estudiar

para intentar escapar. Cuando lo haga, realizará una

prueba de Inteligencia (Investigación) con CD 20.

Si la supera, escapará y el conjuro terminará.

Cuando el conjuro termine, el objetivo reaparecerá

en el espacio que abandonó o en el espacio sin ocupar

más cercano si dicho espacio está ocupado.",pendiente,
Labia,8,Nivel 8,Encantamiento,bardo; brujo,Acción,Lanzador,V,1 hora,"Hasta que el conjuro termine, cuando hagas una prueba de

Carisma, puedes sustituir el resultado de la tirada por un

15. Además, digas lo que digas, cualquier magia usada para

detectar si dices la verdad indicará que la estás diciendo.",pendiente,
Látigo de Espinas,0,Truco,Transmutación,druida,Acción,9 m,"V, S, M (el tallo de una planta con espinas)",Instantáneo,"Creas un látigo similar a una enredadera cubierta de

espinas que fustiga bajo tus órdenes a una criatura dentro

del alcance. Haz un ataque de conjuro cuerpo a cuerpo

contra el objetivo. Si acierta, el objetivo sufre 146 de

daño perforante y, si es Grande o más pequeño, puedes

arrastrarlo hasta 3 m hacia ti.

Mejora de truco. El daño aumenta en 1d6 cuando

alcanzas los niveles 5 (2d6), 11 (3d6) y 17 (4d6).",ok,
Levantar Maldición,3,Nivel 3,Abjuración,brujo; clérigo; mago; paladín,Acción,Toque,"V, S",Instantáneo,"de   Con tan solo tocar a una criatura o un objeto, eliminarás

todas las maldiciones que le afecten. Si el objetivo es un

objeto mágico maldito, la maldición permanecerá, pero

este conjuro romperá la sintonización del objeto con el

dueño, lo que le permitirá quitárselo o deshacerse de él.",pendiente,
Levitar,2,Nivel 2,Transmutación,hechicero; mago,Acción,18 m,"V, S, M (un muelle de metal)","Concentración, hasta 10 minutos","Una criatura o un objeto suelto de tu elección que puedas

ver dentro del alcance se eleva verticalmente hasta 6 m

y se mantiene suspendido hasta que el conjuro termine.

El conjuro puede hacer levitar un objeto que pese hasta

250 kg y no afecta a una criatura no voluntaria que

supere una tirada de salvación de Constitución.

El objetivo solo puede moverse empujándose o tirando

de un objeto fijo o una superficie a su alcance (como una

pared o techo), lo que le permite desplazarse como si

estuviera trepando. En tu turno, puedes variar la altitud

del objetivo hasta 6 m en cualquier sentido. Si tú mismo

eres el objetivo, te puedes mover hacia arriba o abajo como

parte de tu movimiento. En caso contrario, puedes usar

una acción de magia para mover al objetivo, que deberá

permanecer dentro del alcance del conjuro.

Cuando el conjuro termine, el objetivo flotará suavemente

hasta llegar al suelo si todavía está en el aire.",pendiente,
Libertad de Movimiento,4,Nivel 4,Abjuración,bardo; clérigo; druida; explorador,Acción,Toque,"V, S, M (una tira de cuero)",1 hora,"Tocas a una criatura voluntaria. Hasta que termine el

conjuro, el movimiento del objetivo no se ve afectado por

el terreno difícil y los conjuros y otros efectos mágicos no

pueden reducir su velocidad ni hacer que tenga los estados

de apresado o paralizado. Además, el objetivo tiene una

velocidad nadando igual a su velocidad.

El objetivo también puede gastar 1,5 m de movimiento

para escapar automáticamente de ataduras no mágicas,

como unas esposas o una criatura que le imponga el

estado de agarrado.

Con un espacio de conjuro de nivel superior. Puedes

hacer objetivo a una criatura adicional por cada nivel

por encima de 4 que tenga el espacio.",pendiente,
Llama Permanente,2,Nivel 2,Evocación,clérigo; druida; mago,Acción,Toque,"V, S, M (polvo de rubí que valga al menos",Hasta que sea disipado,"50 po, que se consume como parte del conjuro)

Una llama surge de un objeto que toques. El efecto emite

una luz brillante en un radio de 6 m y una luz tenue 6 m

más allá. Parece una llama normal, pero no genera calor ni

consume combustible. La llama se puede tapar u ocultar,

pero no se puede apagar ni extinguir.",pendiente,
Llama Sagrada,0,Truco,Evocación,clérigo,Acción,18 m,"V, S",Instantáneo,"Un fulgor de llamas desciende sobre una criatura que

puedas ver dentro del alcance. El objetivo deberá superar

una tirada de salvación de Destreza o sufrirá 1d8 de daño

radiante. No podrá beneficiarse de la cobertura media

o tres cuartos en esta tirada.

Mejora de truco. El daño aumenta en 1d8 cuando

alcanzas los niveles 5 (2d8), 11 (3d8) y 17 (4d8).",ok,
Llamar Al Relámpago,3,Nivel 3,Conjuración,druida,Acción,36 m,"V, S","Concentración, hasta 10 minutos","Una nube de tormenta aparece en un punto dentro del

alcance que puedas ver por encima de ti. La nube adopta

la forma de un cilindro de 3 m de altura y 18 m de radio.

Cuando lances el conjuro, elige un punto que puedas

ver bajo la nube y de ella caerá un relámpago hacia ese

punto. Todas las criaturas a 1,5 m o menos de ese punto

hacen una tirada de salvación de Destreza; sufrirán 3d10

de daño de relámpago si la fallan o la mitad del daño si la

superan.

Hasta que el conjuro termine, puedes usar una acción de

magia para volver a invocar otro relámpago y elegir como

objetivo el mismo punto u otro distinto.

Si estás al aire libre y hay una tormenta cuando lanzas

este conjuro, te da el control de ella en vez de crear una

nueva. En estas condiciones, el daño del conjuro aumenta

en 1d10.

Con un espacio de conjuro de nivel superior. El daño

aumenta en 1d10 por cada nivel por encima de 3 que tenga

el espacio.",pendiente,
Localizar Animales o Plantas,2,Nivel 2,Adivinación,bardo; druida; explorador,Acción o ritual,Lanzador,"V, S, M (pelaje de un sabueso)",Instantáneo,"Describe o nombra un tipo concreto de bestia, criatura de

tipo “planta” o planta no mágica. Descubres la dirección

y la distancia hasta la criatura o la planta de ese tipo más

cercana que esté a 7,5 km o menos, siempre y cuando haya

alguna.",pendiente,
Localizar Criatura,4,Nivel 4,Adivinación,,Acción,Lanzador,"V, S, M (pelaje de un sabueso)","Concentración, hasta 1 hora","mago, paladín)

Describe o nombra una criatura que conozcas. Presientes

la dirección en la que se encuentra dicha criatura si está

a 300 m o menos de ti. Si la criatura se está moviendo,

conoces la dirección de su movimiento.

El conjuro puede localizar a una criatura específica que

conozcas o a la criatura más cercana de un tipo específico

(como un humano o un unicornio) si has visto a una

criatura así de cerca (a 9 m o menos) al menos una vez.

Si una criatura que describas o nombres está adoptando

una forma distinta, por ejemplo bajo los efectos de un

conjuro de la carne a la piedra o polimorfar, este conjuro

no la localiza.

El conjuro no puede localizar a una criatura si hay

cualquier grosor de plomo que bloquee una ruta directa

entre la criatura y tú.",pendiente,
Conjuro Luz del Día para Traer la Luz del Amanecer a una Corte Vampírica Localizar Objeto,1,Conjuro,Adivinación,,Acción,Lanzador,"V, S","Concentración, hasta 1 minuto mago, paladín) Describe o nombra un objeto que conozcas. Presientes la dirección en la que se encuentra dicho objeto si es a 300 m o menos de ti. Si el objeto se está moviendo, conoces la dirección de su movimiento. El conjuro puede localizar un objeto específico que conozcas si lo has visto de cerca (a 9 m o menos) al m una vez. Como alternativa, el conjuro puede localizar objeto más cercano de un tipo particular, como un cier tipo de ropa, joyas, muebles, herramientas o armas. El conjuro no puede localizar un objeto si hay cualq grosor de plomo que bloquee una ruta directa entre dic objeto y tú. LUCES DANZANTES dor,   Truco de ilusionismo (bardo, hechicero, mago) a)     Duración: Concentración, hasta 1 minuto Creas hasta cuatro luces del tamaño de antorchas dentro del alcance. Puedes darles la apariencia de antorchas, tá     linternas u orbes luminosos, y levitarán hasta que el conjuro termine. Como alternativa, combinas las cuatro luces en una sola de tamaño Mediano y aspecto vagamente humanoide. En ambos casos, cada luz proyecta enos   una luz tenue en un radio de 3 m. el       Como acción adicional, puedes mover las luces hasta to     18 m a otro espacio dentro del alcance. Cada luz debe estar a 6 mo menos de otra luz creada por este conjuro y se uier   desvanecerá si sale del alcance del mismo. ho Luz Truco de evocación (bardo, clérigo, hechicero, mago) Tocas un objeto Grande o más pequeño que nadie lleve o vista. Hasta que el conjuro termine, el objeto emitirá luz brillante en un radio de 6 m y luz tenue otros 6 m más allá. La luz puede tener el color que desees. Tapar completamente el objeto con un material opaco bloquea la luz. El conjuro termina si lo vuelves a lanzar. Luz DEL DÍA Evocación de nivel 3 (clérigo, druida, explorador, hechicero paladín)","Hasta que el conjuro termine, una luz solar se extiende

desde un punto dentro del alcance y llena una esfera

de 18 m de radio. La zona que cubre es de luz brillante

y emite una luz tenue 18 m más allá.

Como alternativa, lanzas el conjuro sobre un objeto

que no lleve o vista nadie, lo que hará que la luz solar

llene una emanación de 18 m metros que se origina en él.

Cubrir el objeto con algo opaco, como un cuenco o un

casco, bloqueará la luz solar.

Si cualquier zona del conjuro se superpone con una

zona de oscuridad creada por un conjuro de nivel 3

o inferior, el conjuro que creó esa oscuridad se disipa.

MAL DE Ojo

Nigromancia de nivel 6 (bardo, brujo, hechicero, mago)

Hasta que el conjuro termine, tus ojos se convierten en

un vacío oscuro. Una criatura de tu elección que puedas

ver a 18 m o menos de ti deberá superar una tirada de

salvación de Sabiduría o se verá afectada por uno de los

efectos descritos debajo, a tu elección, hasta que termine

el conjuro.                            S

En cada uno de tus turnos hasta que el conjuro termine,

puedes usar una acción de magia para hacer objetivo

a otra criatura, pero no puedes volver a elegir a una

que haya superado una tirada de salvación contra este

lanzamiento del conjuro.

Náuseas. El objetivo tiene el estado de envenenado.

Pánico. El objetivo tiene el estado de asustado. En cada

uno de sus turnos, el objetivo asustado deberá realizar

la acción de correr para alejarse de ti por la ruta más

corta y segura disponible. Si se mueve a un espacio que

esté al menos a 18 m de ti donde no pueda verte, el efecto

termina.

Sueño. El objetivo tiene el estado de inconsciente.

Se despertará si recibe algún dañoo si otra criatura utiliza

una acción para despertarlo.",pendiente,
Maleficio,1,Nivel 1,Encantamiento,brujo,Acción,36 m,"V, S, M (una cáscara de huevo y un guante)","Concentración, hasta 1 minuto","Impones una maldición a una criatura que puedas ver

,   dentro del alcance. Hasta que el conjuro termine, infliges

1d6 de daño necrótico adicional al objetivo siempre que

le aciertes con una tirada de ataque. Además, elige una

característica cuando lances el conjuro. El objetivo tendrá

desventaja en las pruebas que haga con la característica

elegida.

Silos puntos de golpe del objetivo se reducen a O antes de

que el conjuro termine, puedes usar una acción adicional

en un turno posterior para maldecir a una nueva criatura.

Con un espacio de conjuro de nivel superior. Tu concen-

tración puede durar más si usas un espacio de conjuro

de nivel 2 (hasta 4 horas), 3 o 4 (hasta 8 horas) o 5 o más

(24 horas).

MANO DE BiGBY

Evocación de nivel 5 (hechicero, mago)

Creas una mano de energía mágica brillante de tamaño

Grande en un espacio sin ocupar que puedas ver dentro del

alcance. Esta mano durará hasta que el conjuro termine

y estará bajo tus órdenes, imitando los movimientos de tu

propia mano.

La mano es un objeto con una CA de 20 y una cantidad

de puntos de golpe igual a tus puntos de golpe máximos.

Si sus puntos de golpe se reducen a O, el conjuro termina.

La mano no ocupa el espacio en el que se encuentra.

Cuando lances el conjuro y como acción adicional en

tus siguientes turnos, puedes mover la mano hasta 18 m

y luego usar uno de los siguientes efectos:

Mano apresadora. La mano intenta agarrar a una

criatura Enorme o más pequeña que esté a 1,5 m

o menos de ella. El objetivo deberá superar una tirada

de salvación de Destreza o tendrá el estado de agarrado.

La CD para escapar es igual a tu CD de salvación de

conjuros. Mientras la mano agarre al objetivo, puedes

usar una acción adicional para hacer que la mano lo

aplaste y causarle una cantidad de daño contundente

igual a 4d6 más tu modificador por aptitud mágica.

Mano contundente. La mano intenta empujar a una

criatura Enorme o más pequeña que esté a 1,5 m

o menos de ella. El objetivo deberá superar una tirada

de salvación de Fuerza o la mano lo empujará hasta

1,5 m más una distancia igual a 1,5 m x tu modificador

por aptitud mágica. La mano se mueve a la vez que el

objetivo y permanece a 1,5 m o menos de él.

""   /   ds

EL maco BicBY USA SU CONJURO —

CARACTERÍSTICO, MANO DE BIGBY, PARA

QUE NO INTERRUMPAN SU INVESTIGACIÓN:

Mano interpuesta. La mano te proporciona cobertura

media contra ataques y otros efectos que se originen

su espacio o intenten atravesarla. Además, ese espac

se considera terreno difícil para tus enemigos.

Puño cerrado. La mano golpea a un objetivo a 1,5 m o m

de ella. Haz un ataque de conjuro cuerpo a cuerpo.

Si acierta, el objetivo recibe 5d8 de daño de fuerza

Con un espacio de conjuro de nivel superior. El daño

del puño cerrado aumenta en 2d8 y el daño de la mano

apresadora aumenta en 2d6 por cada nivel por encima

de 5 que tenga el espacio.",pendiente,
Mano de Mago,0,Truco,Conjuración,bardo; brujo; hechicero; mago,Acción,9 m,"V, S",1 minuto,"Conjuras una mano espectral flotante en un punto de

tu elección dentro del alcance. La mano dura hasta que

el conjuro termine. Además, desaparecerá si en algún

momento está a más de 9 m de ti o si vuelves a lanzar

conjuro.

Cuando lances este conjuro, puedes utilizar la mano

en    para manipular un objeto, abrir una puerta o un recipiente

io     que no estén cerrados con llave, sacar un objeto de un

recipiente abierto o guardarlo en él o verter el contenido

enos   de un vial.

Como acción de magia en tus siguientes turnos, puedes

.      volver a controlar la mano de esta forma. Como parte de

la acción, puedes mover la mano hasta 9 m.

La mano no puede atacar, activar objetos mágicos ni

llevar más de 5 kg de peso.",ok,
Manos Ardientes,1,Nivel 1,Evocación,hechicero; mago,Acción,Lanzador,"V, S",Instantáneo,"Una fina capa de llamas se proyecta desde ti. Todas las

criaturas situadas en un cono de 4,5 m hacen una tirada

de salvación de Destreza; sufrirán 3d6 de daño de fuego

si la fallan o la mitad del daño si la superan.

Los objetos inflamables dentro del cono que no lleve

este

o vista nadie empezarán a arder.

Con un espacio de conjuro de nivel superior. El daño

aumenta en 1d6 por cada nivel por encima de 1 que tenga

el espacio.

EL maco MORDENKAINEN DA LA BIENVENIDA

A SUS HUÉSPEDES A SU MORADA MÁGICA,

LA MANSIÓN MAGNÍFICA DE MORDENKAINEN.

c",pendiente,
Mansión Magnífica de Mordenkainen T,7,Nivel 7,Conjuración,bardo; mago,1 minuto                            p,90 m                                              p,"V, S, M (una puerta en miniatura que valga    d",24 horas                                         f,"q

al menos 15 po)                                          y

a

Conjuras una puerta brillante dentro del alcance que

permanece hasta que el conjuro termine. La puerta

mide 1,5 m de ancho y 3 m de alto y lleva a una morada     q

extradimensional. Tú y cualquier criatura que designes     a

cuando lances el conjuro podréis entrar en la morada

extradimensional mientras la puerta permanezca abierta.

Puedes abrirla o cerrarla (no requiere acción) si estás    M

a 9 mo menos de ella. Mientras permanezca cerrada,         E

es imperceptible.                                          T

Al otro lado de la puerta encuentras un fastuoso         A

recibidor, tras la cual se hallan numerosas estancias.     C

La morada está limpia y es fresca y cálida.                D

Puedes crear cualquier plano de planta que desees,

pero no puede superar los 50 cubos contiguos, cada         I

uno de 3 m de lado. El lugar está amueblado y decorado     M

como elijas y contiene comida suficiente como para         1

servir un banquete de nueve platos a hasta 100 personas.   a

Los muebles y otros objetos creados por este conjuro se

convierten en humo si se sacan del lugar.

ZP de ymA

El personal de servicio está compuesto de 100 sirvientes

asi transparentes que atienden a todos los que entran.

ú decides la apariencia y el atuendo de estos sirvientes,

ue son invulnerables y obedecen tus órdenes. Los sirvientes

ueden realizar las tareas que haría un humano, pero no

ueden atacar ni realizar ninguna acción que dañaría

irectamente a otra criatura. Por lo tanto, pueden traer

llevar cosas, limpiar, arreglar y plegar ropa, encender

uegos, servir comida y vino, etc, aunque no pueden

bandonar el lugar.

Cuando el conjuro termina, todas las criaturas u objetos

ue queden en el espacio extradimensional son expulsados

los espacios sin ocupar más cercanos a la entrada.

ANTO DEL CRUZADO

vocación de nivel 3 (paladín)

iempo de lanzamiento: Acción

lcance: Lanzador

omponentes: V

uración: Concentración, hasta 1 minuto

rradias un aura mágica en una emanación de 9 m.

ientras permanezcáis dentro, tus aliados y tú causaréis

d4 de daño radiante adicional cuando acertéis con un

rma o un ataque sin armas.

CAPITULO 7 | CONJUROS",pendiente,
Marca del Cazador,1,Nivel 1,Adivinación,explorador,Acción adicional,27 m,V,"Concentración, hasta 1 hora","Marcas mágicamente a una criatura que puedas ver

dentro del alcance como tu presa. Hasta que el conjuro

termine, infliges 1d6 de daño de fuerza adicional al

objetivo siempre que le aciertes con una tirada de ata

También tendrás ventaja en cualquier prueba de Sabidur

(Percepción o Supervivencia) que realices para buscarl

Si los puntos de golpe del objetivo se reducen a O a

de que el conjuro termine, puedes emplear una acción

adicional para transferir la marca a una nueva criatur

que puedas ver dentro del alcance.

Con un espacio de conjuro de nivel superior. Tu conc

tración puede durar más si usas un espacio de conjuro

nivel 3 o 4 (hasta 8 horas) o 5 o más (hasta 24 horas)",pendiente,
Marchitar,4,Nivel 4,Nigromancia,,Acción,9 m,"V, S",Instantáneo,"Una criatura a la que puedas ver dentro del alcance

deberá hacer una tirada de salvación de Constitución;

sufrirá 8d8 de daño necrótico si la falla o la mitad d

daño si la supera. Las criaturas de tipo “planta” fall

automáticamente la tirada.

Como alternativa, haz objetivo a una planta no

mágica que no sea una criatura, como un árbol o un

arbusto. No hará una tirada de salvación: simplemente

se marchitará y morirá.

Con un espacio de conjuro de nivel superior. El daño

aumenta en 1d8 por cada nivel por encima de 4 que teng

el espacio.",pendiente,
Mastín Fiel de Mordenkainen,4,Nivel 4,Conjuración,mago,Acción,9 m,"V, S, M (un silbato de plata)",3 horas,"Conjuras un perro guardián en un espacio sin ocupar qu

puedas ver dentro del alcance. El perro permanece hast

que el conjuro termine o hasta que os alejéis a más de

Solo tú puedes verlo y es intangible e invulnerable.

Cuando una criatura Pequeña o de mayor tamaño se

acerque a 9 m o menos de él sin decir la contraseña qu

especifiques al lanzar el conjuro, el mastín empezará

a ladrar ruidosamente. Además, tiene visión verdadera

hasta 9 m.

Al principio de cada uno de tus turnos, el mastín tratará

de morder a un enemigo que esté a 1,5 m o menos de él.

Ese enemigo deberá superar una tirada de salvación de

Destreza o sufrirá 4d8 de daño de fuerza.

En tus siguientes turnos, puedes usar una acción

de magia para mover el mastín hasta 9 m.",pendiente,
Mensaje,0,Truco,Transmutación,bardo; druida; hechicero; mago,"Acción que.     Alcance: 36 m ía       Componentes: S, M (un alambre de cobre) o.       Duración: 1 asalto ntes Señalas a una criatura dentro del alcance y susurras un a        mensaje. El objetivo (y únicamente el objetivo) escucha el mensaje y puede responder con un susurro que solamente en-      tú puedes oír. de         Puedes lanzar este conjuro a través de objetos físicos si .        conoces al objetivo.y sabes que está detrás de la barrera. El silencio mágico, 30 cm de piedra, metal o madera o una lámina fina de plomo bloquean el conjuro.",,,,,ok,
) Mensajero Animal,2,Nivel 2,Encantamiento,bardo; druida; explorador,Acción o ritual,9 m,"V, S, M (unas migajas de comida)",24 horas,"el       Una bestia Diminuta de tu elección que puedas ver dentro

an       del alcance deberá superar una tirada de salvación de

Carisma o intentará enviar un mensaje por ti (si el valor

de desafío del objetivo no es O, la supera automáticamente).

Indica un lugar que hayas visitado y da una descripción

general del destinatario, como “una persona que lleva un

uniforme de guardia de la ciudad” o “una enana pelirroja

con un gorro puntiagudo”. Además, le transmites al animal

a        un mensaje de hasta 25 palabras. Hasta que termine el

conjuro, la bestia viajará hacia el lugar elegido y recorrerá

aproximadamente 37,5 km cada 24 horas o 75 km si puede

volar.

Cuando llegue, la bestia entregará tu mensaje a la criatura

que le hayas descrito e imitará tu forma de comunicarte.

Si la bestia no llega a su destino antes de que el conjuro

termine, el mensaje se pierde y la bestia regresa al lugar

donde lanzaste el conjuro.

Con un espacio de conjuro de nivel superior. La duración

del conjuro aumenta en 48 horas por cada nivel por

e        encima de 2 que tenga el espacio.

a

90 m.",pendiente,
Mente en Blanco,8,Nivel 8,Abjuración,bardo; mago,,Toque,"V, S",24 horas e        Tiempo de lanzamiento: Acción,"Hasta que el conjuro termine, una criatura voluntaria

a la que toques tendrá inmunidad al daño psíquico y al

estado de hechizada. Además, no se verá afectada por nada

que pudiera percibir sus emociones o alineamiento, leer

sus pensamientos o detectar mágicamente su ubicación,

y ningún conjuro (ni siquiera deseo) puede conseguir

información sobre el objetivo, observarlo desde lejos

o controlar su mente.",pendiente,
Moldear la Piedra,4,Nivel 4,Transmutación,clérigo; druida; mago,Acción,Toque,"V, S, M (arcilla blanda)",Instantáneo,"Tocas un objeto de piedra de tamaño Mediano o más

pequeño, o una sección de piedra que no mida más de

1,5 m en cualquier dimensión, y lo moldeas como desees.

Por ejemplo, podrías convertir una piedra grande en un

arma, una estatua o un cofre, o crear un pasaje pequeño

a través de una pared con un grosor de 1,5 m. También

podrías transformar una puerta de piedra o su marco

para dejarla sellada. El objeto que crees puede tener hasta

dos bisagras y un pestillo, pero no es posible dotarlo de

detalles mecánicos más precisos.",pendiente,
Mover la Tierra,6,Nivel 6,Transmutación,druida; hechicero; mago,Acción,36 m,"V, S, M (una pala en miniatura)","Concentración, hasta 2 horas","Elige una zona de terreno que no tenga más de 12 m de

lado dentro del alcance. Puedes cambiar como quieras la

forma de la tierra, la arena o la arcilla del área hasta que

termine el conjuro. Puedes aumentar o reducir la elevación

de la zona, crear o llenar una zanja, levantar o derribar un

pared o formar una columna. La extensión de cualquiera

de estos cambios no puede superar la mitad de la dimensión

más larga de la zona. Por ejemplo, si afectas a un cuadrado

de 12 m de lado, puedes crear una columna de hasta 6 m

de altura, aumentar o reducir la elevación del cuadrado

hasta 6 m, cavar una zanja de hasta 6 m de profundidad,

etc. Estos cambios tardan 10 minutos en completarse.

Como la transformación de la zona se produce poco a poco,

las criaturas que haya en ella generalmente no quedarán

atrapadas por el movimiento del suelo ni sufrirán daños

por ello.

Al final de cada 10 minutos que pases concentrándote

en el conjuro, podrás elegir una nueva zona de terreno

que modificar dentro del alcance.

Este conjuro no puede manipular la piedra natural ni las

construcciones de piedra. Las rocas y las estructuras se

desplazan para acomodar el nuevo terreno. Si la forma que

le das al terreno hace que una estructura sea inestable,

esta podría hundirse.

De forma similar, este conjuro no afecta directamente al

crecimiento vegetal y la tierra desplazada se lleva con ella

cualquier planta que haya.",pendiente,
Muro de Espinas,6,Nivel 6,Conjuración,druida,Acción,36 m,"V, S, M (un puñado de espinas vegetales)","Concentración, hasta 10 minutos","Creas un muro de maleza enmarañada que está repleta de

espinas puntiagudas como agujas. Este muro aparecerá

dentro del alcance sobre una superficie sólida y durará

hasta que termine el conjuro. Eliges si crear un muro

recto de hasta 18 m de longitud, 3 m de altura y 1,5 m de

grosor o un círculo de arbustos de hasta 6 m de diámetro,

6 m de altura y 1,5 m de grosor. El muro bloquea la línea

de visión.

Cuando aparezca el muro, todas las criaturas situadas

en su área hacen una tirada de salvación de Destreza;

sufrirán 748 de daño perforante si la fallan o la mitad

de daño si la superan.

Las criaturas pueden atravesar el muro, pero es un

proceso lento y doloroso. Una criatura que atraviese el

muro deberá gastar 4 m de movimiento por cada metro

que avance. Además, la primera vez que una criatura

entre en un espacio del muro o termine su turno allí,

realizará una tirada de salvación de Destreza; sufrirá 748

de daño cortante si la falla o la mitad del daño si la supera

Una criatura solo hace esta tirada una vez por turno.

Con un espacio de conjuro de nivel superior. Los dos

tipos de daño aumentan en 1d8 por cada nivel por encima

de 6 que tenga el espacio.",pendiente,
Muro de Fuego,4,Nivel 4,Evocación,druida; hechicero; mago,Acción,36 m,"V, S, M (un trozo de carbón)","Concentración, hasta 1 minuto","a   Creas un muro de fuego en una superficie sólida dentro

del alcance. Puedes formar un muro recto de hasta 18 m

de longitud, 6 m de altura y 30 cm de grosor o un muro

circular de hasta 6 m de diámetro, 6 m de altura y 30 cm

de grosor. El muro es opaco y durará hasta que termine

el conjuro.

Cuando aparezca el muro, todas las criaturas situadas

en su área hacen una tirada de salvación de Destreza;

sufrirán 5d8 de daño de fuego si la fallan o la mitad de

daño si la superan.

Un lado del muro, que seleccionas cuando lanzas el

conjuro, causa 5d8 de daño de fuego a cada criatura que

termine su turno a 3 m o menos de ese lado o dentro del

muro. Una criatura recibirá el mismo daño cuando entre

en el muro por primera vez en un turno o termine su

turno allí. El otro lado del muro no causa ningún daño.

Con un espacio de conjuro de nivel superior. El daño

aumenta en 1d8 por cada nivel por encima de 4 que tenga

el espacio.",pendiente,
Muro de Fuerza,5,Nivel 5,Evocación,mago,Acción,36 m,"V, S, M (un trozo de vidrio)","Concentración, hasta 10 minutos","Un muro de fuerza invisible surge de la nada en un punto

de tu elección dentro del alcance. Este muro adopta la

orientación que tú elijas y puede ser tanto una barrera

horizontal o vertical como estar situado en ángulo.

También puede flotar o estar apoyado en una superficie

sólida. Puedes darle forma de cúpula semiesférica o de

globo con un radio de hasta 3 m o puedes hacer que sea

una superficie plana compuesta por hasta 10 paneles de

3 m por 3 m. Cada panel debe estar adyacente a otro panel.

En cualquiera de las formas, el muro tiene un grosor de

6 mmy durará hasta que termine el conjuro. Al aparecer,

si el muro atraviesa el espacio de una criatura, esta es

empujada hacia un lado del muro (tú eliges cuál).

Nada puede atravesar el muro físicamente. Es inmune

a todo el daño y no se puede eliminar mediante disipar

magia. Sin embargo, un conjuro desintegrar destruye el

muro al instante. El muro también se extiende hasta

el Plano Etéreo e impide el viaje etéreo a través de él.",pendiente,
Muro de Hielo,6,Nivel 6,Evocación,mago,Acción,36 m,"V, S, M (un trozo de cuarzo)","Concentración, hasta 10 minutos","Creas un muro de hielo en una superficie sólida dentro

del alcance. Puedes darle forma de cúpula semiesférica

o de globo con un radio de hasta 3 m o puedes hacer que

sea una superficie plana compuesta por hasta 10 paneles

cuadrados de 3 m de lado. Cada panel debe estar adyacente

a otro panel. En cualquiera de las formas, el muro tiene un

grosor de 30 cm y durará hasta que termine el conjuro.

Al aparecer, si el muro atraviesa el espacio de una criatu

esta es empujada hacia un lado del muro (tú eliges cuál)

y hace una tirada de salvación de Destreza; sufrirá 10d6

de daño de frío si la falla o la mitad de daño si la supera.

El muro es un objeto que se puede dañar y, por tanto,

atravesar. Tiene una CA de 12, 30 puntos de golpe por

cada sección de 3 m de lado, inmunidad al daño de frío,

psíquico y de veneno y vulnerabilidad al daño de fuego.

Si se reduce una sección del muro de 3 m de lado a O puntos

de golpe, se destruirá y dejará una capa de aire gélido en

el lugar que ocupaba.

Si una criatura pasa por la capa de aire gélido por

primera vez en un turno, deberá hacer una tirada de

salvación de Constitución; sufrirá 5d6 de daño de frío

si la falla o la mitad de daño si la supera.

Con un espacio de conjuro de nivel superior. El daño que

causa el muro al aparecer aumenta en 2d6 y el que se sufre

por cruzar la capa de aire gélido aumenta en 1d6 por cada

nivel por encima de 6 que tenga el espacio.",pendiente,
Muro de Piedra,5,Nivel 5,Evocación,druida; hechicero; mago,Acción,36 m,"V, S, M (un cubo de granito)","Concentración, hasta 10 minutos","Un muro no mágico de piedra sólida brota en un punto

de tu elección dentro del alcance. Tiene 15 cm de grosor

y está compuesto de 10 paneles de 3 m por 3 m. Cada panel

debe estar adyacente a otro panel. Como alternativa,

puedes crear paneles de 3 m por 6 m cuyo grosor sea

solo de 7,5 cm.

Al aparecer, si el muro atraviesa el espacio de una criatura,

esta es empujada hacia un lado del muro (tú eliges cuál).

Si una criatura fuera a quedar rodeada por todas partes por

el muro (o por el muro y otra superficie sólida), puede hacer

una tirada de salvación de Destreza. Si la supera, podrá usar

su reacción para moverse hasta su velocidad y no quedar

encerrada por el muro.

El muro puede adoptar la forma que desees, pero no

puede ocupar el mismo espacio que una criatura o un

objeto. El muro no tiene por qué ser vertical ni apoyarse

en una base firme. Sin embargo, sí debe fundirse con alguna

masa de piedra existente que lo sostenga firmemente.

Así, podrías usar este conjuro para formar un puente

que cruce una sima o para crear una rampa.

Si creas un muro que se extienda más de 6 m, debes

reducir a la mitad el tamaño de cada panel para crear

soportes. Puedes moldear el muro de forma tosca para

que tenga almenas y elementos similares.

El muro es un objeto hecho de piedra que se puede

dañar y, por tanto, atravesar. Cada panel tiene una CA

de 15, 30 puntos de golpe por cada 2,5 cm de grosor

e inmunidad al daño psíquico y de veneno. Si los puntos

de golpe de un panel se reducen a 0, se destruye, lo que

podría provocar que los paneles conectados se derrumben,

a discreción de tu DM.

Si mantienes la concentración en este conjuro durante

toda su duración, el muro se vuelve permanente y no se

puede disipar. De lo contrario, desaparece en cuanto el

ra,   conjuro termine.",pendiente,
Muro de Viento,3,Nivel 3,Evocación,druida; explorador,Acción,36 m,"V, S, M (un abanico y una pluma)","Concentración, hasta 1 minuto","Un muro conformado por un intenso viento surge del

suelo en un punto de tu elección dentro del alcance.

Puedes formar un muro de hasta 15 m de longitud, 4,5 m

de altura y 30 cm de grosor. Puedes darle a ese muro la

forma que quieras, siempre que trace una ruta continua

por el suelo, y durará hasta que termine el conjuro.

Cuando aparezca el muro, todas las criaturas situadas

en su área hacen una tirada de salvación de Fuerza;

sufrirán 4d8 de daño contundente si la fallan o la mitad

de daño si la superan.

El viento fuerte mantiene a raya la niebla, el humo

y otros gases. Las criaturas voladoras de tamaño Pequeño

o menor no pueden atravesar el muro. Los materiales

sueltos de poco peso que entran en el muro salen volando

hacia arriba. Las flechas, los virotes y otros proyectiles

ordinarios lanzados a objetivos que estén detrás del muro

salen despedidos hacia arriba y fallan automáticamente.

Los pedruscos lanzados por gigantes o máquinas de

asedio y los proyectiles similares no se ven afectados.

Las criaturas en forma gaseosa no pueden atravesarlo.",pendiente,
Muro Prismático,9,Nivel 9,Abjuración,bardo; mago,Acción,18 m,"V, S",10 minutos,"Un plano de luz rutilante y multicolor forma un muro

vertical opaco (de hasta 27 m de largo, 9 m de alto y 2,5 cm

de grosor) centrado en un punto dentro del alcance. Como

alternativa, le das al muro la forma de un globo de hasta

9 m de diámetro centrado en un punto dentro del alcance.

El muro permanecerá allí hasta que termine el conjuro.

Si lo colocas en un espacio que ocupa una criatura,

el conjuro termina al instante sin surtir efecto.

El muro emite luz brillante hasta 30 m y luz tenue

30 m más allá. Las criaturas que indiques cuando lanzas

el conjuro y tú podéis atravesar el muro y estar cerca de

él sin sufrir daños. Si otra criatura que pueda ver el muro

se acerca a 6 m o menos de él, deberá superar una tirada

de salvación de Constitución o tendrá el estado de cegada

durante 1 minuto.

El muro consta de siete capas, cada una de un color

distinto. Cuando una criatura meta una mano en el

muro o lo atraviese, lo debe hacer capa por capa hasta

superarlas todas. Para cada una, deberá realizar una

tirada de salvación de Destreza o quedará afectada por

las propiedades de esa capa, como se describe en la tabla

“Capas prismáticas”.

El muro, que tiene una CA de 10, se puede destruir

capa por capa, en orden de rojo a violeta, por el medio

específico para cada una de ellas. Si se destruye una capa,

seguirá eliminada hasta que termine el conjuro. Campo

antimagia no tiene efecto en el muro y disipar magia solo

puede afectar a la capa violeta.

CAPAS PRISMÁTICAS

Orden    Efectos

i     Roja. Si falla la tirada: 1246 de daño de fuego.

Si supera la tirada: la mitad de daño. Efectos

adicionales: los ataques a distancia no mágicos

no pueden atravesar esta capa, que se destruye

si recibe al menos 25 de daño de frío.

Orden    Efectos

2      Naranja. Sifalla la tirada: 12d6 de daño de ácido.

Si supera la tirada: la mitad de daño. Efectos

adicionales: los ataques a distancia mágicos

no atraviesan esta capa, que puede destruirse

mediante un viento fuerte (como el que crea

ráfaga de viento).

3      Amarilla. Si falla la tirada: 1246 de daño de

relámpago. Si supera la tirada: la mitad de daño.

Efectos adicionales: la capa se destruye si recibe

al menos 60 de daño de fuerza.

4      Verde. Si falla la tirada: 1246 de daño de veneno.

Si supera la tirada: la mitad de daño. Efectos

adicionales: un conjuro pasamuros u otro del

mismo nivel o superior que puedan abrir un portal

en una superficie sólida destruirán esta capa.

5      Azul. Si falla la tirada: 12d6 de daño de frío.

Si supera la tirada: la mitad de daño. Efectos

adicionales: la capa se destruye si recibe al menos

25 de daño de fuego.

6      Añil. Si falla la tirada: el objetivo tendrá el estado

de apresado y hará una tirada de salvación de

Constitución al final de cada uno de sus turnos.

Si la supera tres veces, el estado terminará.

Si la falla tres veces, tendrá el estado de petrificado

hasta que lo libere un efecto como el del conjuro

restablecimiento mayor. Los éxitos y los fallos no

tienen por qué ser consecutivos: lleva la cuenta

de ambos hasta que el objetivo tenga tres de un

mismo tipo. Efectos adicionales: no es posible

lanzar conjuros a través de esta capa, que puede

destruirse mediante la luz brillante del conjuro

luz del día.

7.    Violeta. Si falla la tirada: el objetivo tendrá el

estado de cegado y hará una tirada de salvación

de Sabiduría al principio de tu siguiente turno.

Si la supera, el estado terminará. Si la falla,

el estado terminará y la criatura se teletransportará

a otro plano de existencia (a elección de tu DM).

Efectos adicionales: esta capa puede destruirse

mediante disipar magia.",pendiente,
Nube Aniquiladora,5,Nivel 5,Conjuración,hechicero; mago,Acción,36 m,"V, S","Concentración, hasta 10 minutos","Creas una esfera de una niebla amarillo-verdosa de 6 m

de radio centrada en un punto dentro del alcance. La niebla

dura hasta que el conjuro termine o hasta que la disperse

un viento intenso (por ejemplo, el que crea ráfaga de viento),

lo que pondrá fin al conjuro. La zona que ocupa está muy

oscura.

Todas las criaturas situadas en la esfera hacen una

tirada de salvación de Constitución; sufrirán 5d8 de d

de veneno si la fallan o la mitad del daño si la super

Una criatura también deberá hacer esta tirada cuando l

esfera entre en su espacio o cuando la criatura entre

esfera o termine su turno en ella. Una criatura solo h

esta tirada una vez por turno.

La esfera se aleja de ti 3 m al principio de cada un

tus turnos.

Con un espacio de conjuro de nivel superior. El dañ

aumenta en 1d8 por cada nivel por encima de 5 que teng

el espacio.",pendiente,
Nube Apestosa,3,Nivel 3,Conjuración,bardo; hechicero; mago,Acción,27 m,"V, S, M (un huevo podrido)","Concentración, hasta 1 minuto","Creas una esfera de gas nauseabundo y amarillento de

6 m de radio centrada en un punto dentro del alcance.

La nube está muy oscura y permanece en el aire hasta q

el conjuro termine o hasta que la disperse un viento f

(por ejemplo, el que crea ráfaga de viento).

Todas las criaturas que comiencen su turno en la es

deberán superar una tirada de salvación de Constitució

o tendrán el estado de envenenadas hasta el final del

turno actual. Mientras estén envenenadas de esta forma

no podrán realizar acciones ni acciones adicionales.",pendiente,
Nube de Dagas,2,Nivel 2,Conjuración,bardo; brujo; hechicero; mago,Acción,18 m,"V, S, M (un fragmento de cristal)","Concentración, hasta 1 minuto","Conjuras dagas giratorias en un cubo de 1,5 m centrado

en un punto dentro del alcance. Todas las criaturas

situadas en esa zona sufren 4d4 de daño cortante.

Una criatura también recibe daño si entra en el cubo,

si termina su turno en él o si el cubo entra en su esp

Una criatura solo sufre este daño una vez por turno.

En tus siguientes turnos, puedes usar una acción de

magia para teletransportar el cubo hasta 9 m.

Con un espacio de conjuro de nivel superior. El dañ

aumenta en 2d4 por cada nivel por encima de 2 que teng

el espacio.",pendiente,
Nube de Oscurecimiento,1,Nivel 1,Conjuración,,Acción,45 m,"V, S","Concentración, hasta 1 minuto","Creas una esfera de niebla de 6 m de radio centrada en

año      un punto dentro del alcance. La esfera está muy oscura

an.      y dura hasta que el conjuro termine o hasta que la disperse

a        un viento fuerte (por ejemplo, el que crea ráfaga de viento).

en la      Con un espacio de conjuro de nivel superior. El radio de la

ace      niebla aumenta en 6 m por cada nivel por encima de 1 que

tenga el espacio.

o de

o        NUBE INCENDIARIA

a        Conjuración de nivel 8 (druida, hechicero, mago)

Una nube turbulenta de humo y ascuas llena una esfera

de 6 m de radio centrada en un punto dentro del alcance.

La zona que ocupa la nube está muy oscura y dura hasta

que el conjuro termine o hasta que la disperse un viento

fuerte (por ejemplo, el que crea ráfaga de viento).

Cuando aparezca la nube, todas las criaturas dentro de

ella harán una tirada de salvación de Destreza; sufrirán

ue       10d8 de daño de fuego si la fallan o la mitad del daño si la

uerte    superan. Una criatura también deberá hacer esta tirada

cuando la esfera entre en su espacio o cuando la criatura

fera     entre en la esfera o termine su turno en ella. Una criatura

n        solo hace esta tirada una vez por turno.

La nube se aleja de ti 3 m en la dirección que elijas al

,        principio de cada uno de tus turnos.",pendiente,
Ofuscación,8,Nivel 8,Encantamiento,bardo; brujo; druida; mago,Acción,45 m,"V, S, M (un llavero sin llaves)",Instantáneo,"Atacas la mente de una criatura que puedas ver dentro

del alcance. El objetivo hace una tirada de salvación de

Inteligencia.

Si la falla, sufrirá 10412 de daño psíquico y no podrá

lanzar conjuros ni realizar acciones de magia. Al final

acio.    de cada 30 días, el objetivo repite la tirada de salvación

y, si tiene éxito, se librará del efecto. También se puede

finalizar este efecto mediante un conjuro curar, deseo

o restablecimiento mayor.

o           Si supera la tirada, solo sufrirá la mitad de ese daño.

a",pendiente,
Ojo Arcano,4,Nivel 4,Adivinación,mago,Acción,,"V, S, M (un poco de pelo de murciélago)",Instantáneo,"Concentración, hasta 1 hora mago)   Alcance: 9 m Creas un ojo invisible e invulnerable dentro del alcance que levita hasta que el conjuro termine. Recibes mentalmente información visual desde el ojo, que puede mirar en cualquier dirección y tiene visión en la oscuridad hasta 9 m Como acción adicional, puedes mover el ojo hasta 9 m en cualquier dirección. El ojo no podrá atravesar una barrera sólida, pero podrá pasar por cualquier abertura de 2,5 cm de diámetro como mínimo.",pendiente,
Ola Atronadora,1,Nivel 1,Evocación,bardo; druida; hechicero; mago,Acción,Lanzador,"V, S",Instantáneo,"Desatas una ola de energía atronadora. Todas las criaturas

situadas en un cubo de 4,5 m de lado adyacente a ti harán

una tirada de salvación de Constitución. Si la fallan,

recibirán 2d8 de daño de trueno y serán empujadas 3 m

respecto a ti. Si la superan, solo sufrirán la mitad de ese

Además, a los objetos sueltos que estén completamente

dentro del cubo se les empujará 3 m respecto a ti y la

explosión atronadora podrá oírse a 90 m de distancia.

Con un espacio de conjuro de nivel superior. El daño

aumenta en 1d8 por cada nivel por encima de 1 que tenga

el espacio.

7        ds HECHICERA HUMANA REPRENDE A UNOS,

IN LA ENERGÍA IMPREDECIBLE DE

E CROMÁTICO.",pendiente,
Ola Destructora,5,Nivel 5,Evocación,paladín,Acción,Lanzador,V,Instantáneo,".

Una energía destructiva surge de ti formando ondas en

una emanación de 9 m. Las criaturas que elijas dentro de la

emanación realizan una tirada de salvación de Constitución.

Si la fallan, sufrirán 5d6 de daño de trueno, 5d6 de daño

radiante o necrótico (a tu elección) y tendrán el estado de

derribadas. Si la superan, solamente recibirán la mitad de

ese daño.",pendiente,
Orbe Cromático,1,Nivel 1,Evocación,hechicero; mago,Acción,,"V, S, M (un diamante que valga al menos",Instantáneo daño.   Alcance: 27 m 50 po),"Lanzas un orbe de energía a un objetivo dentro del

alcance. Elige entre ácido, frío, fuego, relámpago, trueno

o veneno para el tipo de orbe creado y después haz un

ataque de conjuro a distancia contra el objetivo. Si acierta,

el objetivo recibe 3d8 de daño del tipo elegido.

CAPÍTULO 7    | CONJUROS             315

Si sacas el mismo número en dos o más de los d8, el orbe

salta a otro objetivo distinto de tu elección que esté a 9 m

o menos del objetivo. Haz una tirada de ataque contra el

nuevo objetivo y otra tirada de daño. El orbe no puede

volver a saltar, a menos que lances el conjuro con un

espacio de nivel 2 o superior.

Con un espacio de conjuro de nivel superior. El daño

aumenta en 1d8 por cada nivel por encima de 1 que tenga

el espacio. El orbe puede saltar un máximo de veces igual

al nivel del espacio gastado. Una criatura solo puede ser

el objetivo una vez por cada lanzamiento del conjuro.",pendiente,
Orden Imperiosa,1,Nivel 1,Encantamiento,bardo; clérigo; paladín,Acción,18 m,V,Instantáneo,"Das una orden de una sola palabra a una criatura que

puedas ver dentro del alcance. El objetivo debe superar

una tirada de salvación de Sabiduría o verse obligado

a obedecer la orden en su próximo turno. Elige una de las

siguientes órdenes:

Acércate. El objetivo se acerca a ti por la ruta más corta

y directa posible, y su turno acaba si se sitúa a 1,5 m

o menos de ti.

Detente. En su turno, el objetivo no se mueve y no usa

acciones ni acciones adicionales.

Huye. El objetivo emplea su turno en alejarse de ti de

la manera más rápida posible.

Póstrate. El objetivo adopta el estado de derribado

y termina su turno.

Suelta. El objetivo suelta lo que sea que esté sujetando

y acaba su turno.

Con un espacio de conjuro de nivel superior. Puedes

afectar a una criatura adicional por cada nivel por encima

de 1 que tenga el espacio.",pendiente,
Oscuridad,2,Nivel 2,Evocación,brujo; hechicero; mago,Acción,18 m,"V, M (pelaje de murciélago y un trozo","Concentración, hasta 10 minutos","de carbón)

Hasta que el conjuro termine, una oscuridad mágica se

propaga desde un punto dentro del alcance y llena una

esfera de 4,5 m de radio. La visión en la oscuridad no puede

ver a través de ella y la luz no mágica no puede alumbrarla.

Como alternativa, lanzas el conjuro sobre un objeto

que no lleve o vista nadie, lo que hará que la oscuridad

llene una emanación de 4,5 m que se origina en él. Cubrir

el objeto con algo opaco, como un cuenco o un casco,

bloqueará la oscuridad.

Si cualquier zona del conjuro se superpone con una

zona de luz brillante o luz tenue creada por un conjuro

de nivel 2 o inferior, el conjuro que creó esa luz se disipa",pendiente,
Palabra de Curación,1,Nivel 1,Abjuración,bardo; clérigo; druida,Acción adicional,18 m,V,Instantáneo,"Una criatura de tu elección que puedas ver dentro del

alcance recupera una cantidad de puntos de golpe igual

a 2d4 más tu modificador por aptitud mágica.

Con un espacio de conjuro de nivel superior. La curación

aumenta en 2d4 por cada nivel por encima de 1 que tenga

el espacio.",pendiente,
Palabra de Curación en Masa,3,Nivel 3,Abjuración,bardo; clérigo,Acción,18 m,V,Instantáneo,"Hasta seis criaturas de tu elección que puedas ver dentro

del alcance recuperan una cantidad de puntos de golpe

igual a 2d4 más tu modificador por aptitud mágica.

Con un espacio de conjuro de nivel superior. La curación

aumenta en 1d4 por cada nivel por encima de 3 que tenga

el espacio.

PALABRA DE PODER: ATURDIR

Encantamiento de nivel 8 (bardo, brujo, hechicero, mago)

Abrumas la mente de una criatura que puedas ver dentro

del alcance. Si el objetivo tiene 150 puntos de golpe

o menos, tendrá el estado de aturdido. De lo contrario,

su velocidad será O hasta el principio de tu siguiente

turno.

El objetivo aturdido hace una tirada de salvación de

Constitución al final de cada uno de sus turnos y, si tiene

éxito, se librará del estado.

PALABRA DE PODER: FORTALECER

Encantamiento de nivel 7 (bardo, clérigo)

Refuerzas a hasta seis criaturas que puedas ver dentro

del alcance. El conjuro proporciona 120 puntos de golpe

temporales, que divides entre los objetivos.

.

PALABRA DE PODER: MATAR

Encantamiento de nivel 9 (bardo, brujo, hechicero, mago)

Obligas a morir a una criatura que puedas ver dentro del

alcance. Si el objetivo tiene 100 puntos de golpe o menos,

morirá. De lo contrario, sufrirá 12d12 de daño psíquico.

PALABRA DE PODER: SANAR

Encantamiento de nivel 9 (bardo, clérigo)

Una criatura que puedas ver dentro del alcance se ve

envuelta por una oleada de energía sanadora. El objetivo

recupera todos sus puntos de golpe. Si la criatura tiene

los estados de asustada, aturdida, envenenada, hechizada

o paralizada, los estados terminan. Si la criatura tiene

el estado de derribada, puede usar su reacción para

levantarse.",pendiente,
Palabra de Regreso,6,Nivel 6,Conjuración,clérigo,Acción,"1,5 m",V,Instantáneo,"Tú y hasta cinco criaturas voluntarias a 1,5 m o menos de

ti os teletransportáis al instante a un santuario designado

previamente. Tú y cualquier criatura que se teletransporte

contigo apareceréis en el espacio sin ocupar más cercano

al punto designado al preparar el santuario (consulta más

adelante). Si lanzas este conjuro sin preparar antes un

santuario, no tiene ningún efecto.

Debes designar un lugar como santuario lanzando este

conjuro allí; por ejemplo, en un templo.",pendiente,
Palabra de Resplandor,0,Truco,Evocación,clérigo,Acción,Lanzador,"V, M (un símbolo con forma de rayo)",Instantáneo,"Un fulgor ardiente surge de ti en una emanación de 1,5 m.

Todas las criaturas de tu elección que puedas ver en ella

deberán superar una tirada de salvación de Constitución

o sufrirán 1d6 de daño radiante.

Mejora de truco. El daño aumenta en 1d6 cuando

alcanzas los niveles 5 (2d6), 11 (3d6) y 17 (4d6).",ok,
Palabra Divina,7,Nivel 7,Evocación,clérigo,Acción adicional,9 m,V,Instantáneo,"Susurras una palabra imbuida con el poder de los Planos

Superiores. Todas las criaturas de tu elección dentro

del alcance realizan una tirada de salvación de Carisma.

Si la fallan, los objetivos que tengan 50 puntos de golpe

o menos sufrirán un efecto en función de sus puntos

de golpe actuales, como se muestra en la tabla “Efectos

de palabra divina”. Con independencia de sus puntos

de golpe, cualquier objetivo celestial, elemental, feérico

o infernal que falle su tirada de salvación se verá forzado

a regresar a su plano de origen (si no está en él ya) y no

podrá regresar al plano actual durante 24 horas por

cualquier medio que no sea un conjuro deseo.

EFECTOS DE PALABRA DIVINA

Puntos de golpe      Efecto

0-20          El objetivo muere.

21-30         El objetivo tiene los estados de aturdido,

cegado y ensordecido durante 1 hora.

31-40         El objetivo tiene los estados de cegado

y ensordecido durante 10 minutos.

41-50         El objetivo tiene el estado de

ensordecido durante 1 minuto.",pendiente,
Parar el Tiempo,9,Nivel 9,Transmutación,hechicero; mago,Acción,Lanzador,V,Instantáneo,"Detienes el paso del tiempo brevemente para todo el mundo

menos para ti. Para las demás criaturas, el tiempo no

avanza, mientras que tú puedes llevar a cabo 1d4 + 1 turnos

seguidos, durante los cuales puedes usar acciones y moverte

con normalidad.

Este conjuro termina si una de las acciones que usas

o uno de los efectos que creas durante este periodo afecta

a una criatura que no seas tú o a un objeto que lleve o vista

alguien que no seas tú. También termina si te mueves a un

sitio que esté a más de 300 m del lugar donde lo lanzaste.",pendiente,
Pasamuros,5,Nivel 5,Transmutación,mago,Acción,9 m,"V, S, M (una pizca de semillas de sésamo)",1 hora,"VIAJAR MEDIANTE PLANTAS Y PASO ARBÓREO

CONVIERTEN LOS ÁRBOLES EN UNA RED DE

TRANSPORTE.

Aparece un pasaje en un punto que puedas ver en una

superficie de madera, yeso o piedra (como una pared,

un techo o un suelo) dentro del alcance y se mantiene

hasta que termine el conjuro. Tú eliges las dimensione

de la abertura: hasta 1,5 m de ancho, 2,4 m de alto y

de largo. El pasaje no crea ninguna inestabilidad en l

estructura que lo rodea.

Cuando la abertura desaparece, las criaturas o los

objetos que sigan en el pasaje creado por el conjuro s

expulsados sin daño alguno al espacio sin ocupar más

cercano a la superficie sobre la que lanzaste el conju",pendiente,
Pasar sin Rastro,2,Nivel 2,Abjuración,druida; explorador,Acción,Lanzador,"V, S, M (cenizas de muérdago quemado)","Concentración, hasta 1 hora","Hasta que el conjuro termine, irradias un aura de ocul

en una emanación de 9 m. Mientras permanezcáis dentro,

las criaturas que elijas y tú tendréis un bonificador

alas pruebas de Destreza (Sigilo) y no dejaréis huella",pendiente,
Paso Arbóreo,5,Nivel 5,Conjuración,druida; explorador,Acción,36 m,"V, S, M (una pizca de confeti)","Concentración, hasta 1 minuto","Obtienes la capacidad de entrar en un árbol y moverte

desde dentro al interior de otro árbol del mismo tipo

esté a 150 m o menos. Ambos árboles tienen que estar

vivos y ser al menos del mismo tamaño que tú. Para ent

en un árbol debes gastar 1,5 m de movimiento. Al insta

conoces la ubicación de todos los demás árboles del mi

tipo situados a 150 m o menos y, como parte del movimi

gastado para entrar en el árbol, puedes pasar al inter

de uno de esos árboles o salir del árbol en el que est

Apareces en un punto de tu elección a 1,5 m o menos del

árbol de destino gastando otros 1,5 m de movimiento.

Si no te queda movimiento, apareces a 1,5 m o menos

s        del árbol en el que entraste.

6 m        Puedes usar esta capacidad de transporte solo una vez

a        en cada uno de tus turnos y debes terminar cada turno

fuera de un árbol.

erán

PASO BRUMOSO

ro.      Conjuración de nivel2 (brujo, hechicero, mago)

Una niebla plateada te rodea brevemente y te teletransportas

hasta 9 m a un espacio sin ocupar que puedas ver.

tación   PATRÓN HIPNÓTICO

Ilusionismo de nivel 3 (bardo, brujo, hechicero, mago)

de +10

s.

Creas un patrón de colores que se retuercen en un cubo

de 9 m de lado dentro del alcance. El patrón aparece un

instante y se desvanece. Todas las criaturas de la zona

que puedan ver el patrón deberán superar una tirada de

salvación de Sabiduría o tendrán el estado de hechizadas

hasta que termine el conjuro. Mientras estén hechizadas,

las criaturas tendrán una velocidad de O y el estado de

que      incapacitadas.

El conjuro finaliza para una criatura afectada si esta

rar      recibe daño o si alguien más emplea una acción para

nte      sacudir a dicha criatura y sacarla de su estupor.

smo

ento

ior

ás.",pendiente,
Pequeña Choza de Leomund,3,Nivel 3,Evocación,bardo; mago,1 minuto o un ritual,Lanzador,"V, S, M (una cuenta de cristal)",8 horas,"Una emanación de 3 m surge a tu alrededory permanece

estática hasta que termine el conjuro. El conjuro fallará

al lanzarlo si la emanación no es lo bastante grande como

para cubrir a todas las criaturas en su área.

Las criaturas y los objetos que haya en la emanación

cuando lances el conjuro pueden moverse por ella

libremente. El resto de criaturas y objetos no pueden

atravesarla. No pueden lanzarse conjuros de nivel 3

o inferior a través de ella y los efectos de estos conjuros

no pueden penetrar a su interior.

Dentro de la emanación, la atmósfera es cómoday seca,

con independencia del clima exterior. Hasta que el conjuro

termine, puedes hacer que el interior esté iluminado

con luz tenue o a oscuras (no requiere acción). Desde

el exterior, la emanación es opaca y del color que elijas,

pero es transparente desde el interior.

El conjuro termina antes si sales de la emanación

o lo vuelves a lanzar.",pendiente,
Perdición,1,Nivel 1,Encantamiento,bardo; clérigo; brujo,Acción,9 m,"V, S, M (una gota de sangre)","Concentración, hasta 1 minuto","Hasta tres criaturas de tu elección a las que puedas ver

dentro del alcance deberán hacer una tirada de salvación

de Carisma cada una. Siempre que un objetivo que haya

fallado esta tirada de salvación haga una tirada de ataque

o de salvación antes de que termine el conjuro, deberá

restar 1d4 al resultado de dicha tirada.

Con un espacio de conjuro de nivel superior. Puedes

hacer objetivo a una criatura adicional por cada nivel

por encima de 1 que tenga el espacio.",pendiente,
Piedad con los Moribundos,0,Truco,Nigromancia,clérigo; druida,Acción,"4,5 m","V, S",Instantáneo,"Elige a una criatura dentro del alcance que tenga O puntos

de golpe y no esté muerta. La criatura pasa a estar estable.

Mejora de truco. El alcance se duplica cuando alcanzas

los niveles 5 (9 m), 11 (18 m) y 17 (36 m).",ok,
Piel Pétrea,4,Nivel 4,Transmutación,druida; explorador; hechicero; mago,Acción,Toque,"V, S, M (polvo de diamante que valga al","Concentración, hasta 1 hora","menos 100 po y que se consume como parte del conjuro)

Hasta que el conjuro termine, una criatura voluntaria a la

que toques tiene resistencia al daño contundente, cortante

y perforante.",pendiente,
Piel Robliza,2,Nivel 2,Transmutación,druida; explorador,Acción adicional,Toque,"V, S, M (un puñado de corteza)",1 hora,"Tocas a una criatura voluntaria. Hasta que el conjuro

termine, la piel del objetivo adopta una apariencia de

corteza y su clase de armadura no podrá ser inferior a 17.",pendiente,
Plaga de Insectos,5,Nivel 5,Conjuración,clérigo; druida; hechicero,Acción,90 m,"V, S, M (una langosta)","Concentración, hasta 10 minutos","Un enjambre de langostas llena una esfera de 6 m de radio

centrada en un punto de tu elección dentro del alcance.

Permanece hasta que termine el conjuro y la zona se

considera ligeramente oscura y terreno difícil.

Cuando aparezca el enjambre, todas las criaturas dentro

de él harán una tirada de salvación de Constitución;

sufrirán 4d10 de daño perforante si la fallan o la mitad del

daño si la superan. Una criatura también hará esta tirada

cuando entre en el área del conjuro por primera vez en un

turno o termine su turno allí. Una criatura solo hace esta

tirada una vez por turno.

Con un espacio de conjuro de nivel superior. El daño

aumenta en 1d10 por cada nivel por encima de 5 que tenga

el espacio.",pendiente,
Plegaria de Curación,2,Nivel 2,Abjuración,clérigo; paladín,10 minutos,9 m,V,Instantáneo,"a|

Hasta cinco criaturas de tu elección que permanezcan

dentro del alcance del conjuro durante todo su lanzami

obtienen los beneficios de un descanso corto y también

recuperan 2d8 puntos de golpe. Las criaturas no pueden

volver a beneficiarse de este conjuro hasta que finali

un descanso largo.

Con un espacio de conjuro de nivel superior. La cur

aumenta en 1d8 por cada nivel por encima de 2 que teng

el espacio.",pendiente,
Polimorfar,4,Nivel 4,Transmutación,,Acción,18 m,"V, S, M (un capullo de oruga)","Concentración, hasta 1 hora","Intentas transformar en una bestia a una criatura que

puedas ver dentro del alcance. El objetivo debe supera

una tirada de salvación de Sabiduría o adoptará la for

de una bestia hasta que termine el conjuro. Esa forma

Puede ser la de cualquier bestia que elijas y cuyo val

desafío sea igual o menor que el del objetivo (o que e

del objetivo si este no tiene un valor de desafío). El

del objetivo se sustituye por el de la bestia elegida,

objetivo conservará su alineamiento, personalidad, tip

de criatura, puntos de golpe y dados de puntos de golp

En el apéndice B puedes consultar varios perfiles de b

El objetivo obtiene una cantidad de puntos de golpe

temporales igual a los puntos de golpe de la forma de

bestia. Estos puntos de golpe temporales se desvanecer

si conservas alguno cuando el conjuro termine. El conj

termina antes de tiempo si el objetivo se queda sin pu

de golpe temporales.

Las acciones que puede realizar el objetivo están

limitadas por la anatomía de su nueva forma y no podrá

hablar ni lanzar conjuros.

El equipo del objetivo se funde con su nueva formay

criatura no podrá usar ese equipo ni beneficiarse de é",pendiente,
Polimorfar Verdadero,9,Nivel 9,Transmutación,bardo; brujo; mago,Acción,18 m,"V, S, M (un diamante que valga al menos","Concentración, hasta 1 minuto","de goma arábiga y un jirón de humo)

Elige a una criatura o un objeto no mágico que puedas

ver dentro del alcance. La criatura adopta la forma de

otra criatura o la de un objeto no mágico, o el objeto

convierte en una criatura (el objeto no puede llevarse

vestirse). La transformación dura hasta que el conjuro

termine o hasta que el objetivo muera o sea destruido,

pero si mantienes la concentración en el conjuro duran

su duración completa, permanecerá hasta que sea disipa

Una criatura no voluntaria puede hacer una tirada de

salvación de Sabiduría y, si la supera, el conjuro no

Criatura en criatura. Si conviertes a una criatura e

otro tipo de criatura, la nueva forma puede ser cualqu

tipo que elijas y que tenga un valor de desafío igual

que el valor de desafío o el nivel del objetivo. El perfil del

ento           objetivo se reemplaza por el perfil de la nueva forma, pero

mantiene sus puntos de golpe, dados de puntos de golpe,

alineamiento y personalidad.

cen              El objetivo obtiene una cantidad de puntos de golpe

temporales igual a los puntos de golpe de la nueva forma.

ación          Estos puntos de golpe temporales se desvanecerán si

a              conservas alguno cuando el conjuro termine.

Las acciones que puede realizar el objetivo están

limitadas por la anatomía de su nueva forma y no podrá

hablar ni lanzar conjuros.

El equipo del objetivo se funde con su nueva forma y la

go)            criatura no podrá usar ese equipo ni beneficiarse de él.

Objeto en criatura. Puedes convertir un objeto en

cualquier tipo de criatura, siempre que el tamaño de dicha

criatura no sea mayor que el del objeto y que su valor de

desafío sea de 9 o menos. La criatura es amistosa contigo

y tus aliados. En combate, sus turnos van inmediatamente

después de los tuyos y obedece tus órdenes.

r                 Si el conjuro dura más de una hora, dejas de controlar

ma             a la criatura, que puede seguir siendo amistosa contigo

en función de cómo la hayas tratado.

or de            Criatura en objeto. Si conviertes a una criatura en un

l nivel        objeto, se transforma en esa forma junto con todo lo que

perfil        lleve o vista, siempre que el tamaño del objeto no sea mayor

pero el       que el de la criatura. El perfil de la criatura pasa a ser el del

o              objeto y no tiene recuerdos del tiempo pasado en esa forma

e.             después de que el conjuro termine y vuelva a la normalidad.

estias.

PORTAL

án             Conjuración de nivel 9 (brujo, clérigo, hechicero, mago)

uro

ntos

5000 po)

la             Conjuras un portal que enlaza un espacio sin ocupar que

l.             puedas ver dentro del alcance con una ubicación precisa

situada en otro plano de existencia. El portal es una

abertura circular a la que puedes dar un diámetro de entre

1,5 y 6 m, que puedes orientar en la dirección que elijas.

El portal permanece hasta que el conjuro termine y puede

verse su destino a través de él.

El portal tiene una parte delantera y otra trasera en

cada plano en el que aparece y solo es posible desplazarse

a través de él si se atraviesa por la parte delantera.

Cualquier cosa que lo haga es transportada al instante

al otro plano y aparecerá en el espacio sin ocupar más

cercano al portal.

Las deidades y otros gobernantes de planos pueden

se            impedir que los portales creados mediante este conjuro se

ni            abran en su presencia o en cualquier lugar dentro de sus

dominios.

Cuando lances el conjuro, puedes decir el nombre de una

te             criatura específica (no sirven un pseudónimo, un título

do.            o un apodo). Si esa criatura está en un plano distinto al

tuyo, el portal se abrirá junto a la criatura mencionada

le afectará.   y la transportará al espacio sin ocupar más cercano en tu

n              lado del portal. No obtienes ningún poder especial sobre

ier            la criatura y será libre de actuar según tu DM considere

o menor        apropiado: puede irse, atacarte o ayudarte.

ABRIR UN ACCESO A LAS TIERRAS

EXTERIORES.",pendiente,
Potenciar Característica,2,Nivel 2,Transmutación,,Acción,Toque,"V, S, M (pelo de animal o una pluma)","Concentración, hasta 1 hora","hechicero, mago)

Tocas a una criatura y eliges Fuerza, Destreza,

Inteligencia, Sabiduría o Carisma. Hasta que termine

el conjuro, el objetivo tiene ventaja en las pruebas c

la característica elegida.

Con un espacio de conjuro de nivel superior. Puedes

hacer objetivo a una criatura adicional por cada nivel

por encima de 2 que tenga el espacio. Puedes elegir un

característica distinta para cada objetivo.",pendiente,
Presciencia,9,Nivel 9,Adivinación,bardo; brujo; druida; mago,Acción,Lanzador,"V, S, M (una tiara en miniatura)","Concentración, hasta 1 minuto","Tocas a una criatura voluntaria y la dotas de una capa

limitada de ver el futuro inmediato. Hasta que el conj

termine, el objetivo tendrá ventaja en las pruebas con

y las demás criaturas tendrán desventaja en las tirada

ataque contra él. El conjuro termina antes si lo vuelv

a lanzar.

PRESENCIA REGIA DE YOLANDE

orador,   Encantamiento de nivel5 (bardo, mago)

Te rodeas de una majestuosidad sobrenatural en una

emanación de 3 m. Siempre que la emanación entre en el

espacio de una criatura que puedas ver

y siempre que una

on        criatura que puedas ver entre en la emanación o termine

su turno allí, puedes obligar a la criatura a hacer una tirada

de salvación de Sabiduría. Si la falla, el objetivo sufrirá 4d6

de daño psíquico, tendrá el estado de derribado y podrás

a         empujarlo hasta 3 m respecto a ti. Si la supera, solo sufrirá

la mitad de ese daño. Una criatura solo hace esta tirada

una vez por turno.",pendiente,
Prestidigitación,0,Truco,Transmutación,bardo; brujo; hechicero; mago,Acción,3 m,"V, S",Hasta 1 hora,"cidad

uro       Creas un efecto mágico dentro del alcance, elegido de

d20      entre las opciones a continuación. Si lanzas este conjuro

s de      varias veces, puedes mantener activos a la vez hasta tres

es        de sus efectos no instantáneos.

Efecto sensorial. Creas un efecto sensorial instantá

e inofensivo, como una lluvia de chispas, una ligera r

de viento, tenues notas musicales o un olor extraño.

Jugar con fuego. Enciendes o apagas al instante una

una antorcha o una hoguera pequeña.

Limpiar o ensuciar. Limpias o ensucias al instante u

objeto de hasta 0,03 m'.

Sensación menor. Enfrías, calientas o das sabor a un

material inerte de hasta 0,03 mi durante 1 hora.

Marca mágica. Haces que aparezca una mancha de color

una pequeña marca o un símbolo en un objeto o superfic

durante 1 hora.

Creación menor. Creas un abalorio no mágico o una

imagen ilusoria que te cabe en la mano y dura hasta el

final de tu siguiente turno. El abalorio no inflige da

y no tiene valor monetario.",rechazado,
Prohibición,6,Nivel 6,Abjuración,clérigo,10 minutos o un ritual,Toque,"V, S, M (polvo de rubí que valga al menos",1 día,"1000 po)

Creas una protección contra los viajes mágicos que

cubre una zona del suelo de 4000 m? hasta una altura

de 9 m. Hasta que termine el conjuro, ninguna criatura

podrá teletransportarse a esa zona ni entrar en ella

usando portales, como los creados por el conjuro porta

El conjuro protege la zona frente al viaje interplanar

por lo que impide que cualquier criatura entre en el á

mediante el Plano Astral, el Plano Etéreo, los Parajes

Feéricos, el Páramo Sombrío o el conjuro desplazamient

entre planos.

Además, el conjuro daña a los tipos de criaturas qu

al lanzarlo. Elige uno o más de los siguientes: aberra

celestiales, elementales, feéricos, infernales y muert

vivientes. Cuando una criatura de un tipo elegido entr

la zona del conjuro por primera vez en un turno o term

su turno allí, recibirá 5d10 de daño radiante o necrót

(a tu elección cuando lanzas el conjuro).

Puedes designar una contraseña cuando lanzas el

conjuro. Si una criatura pronuncia la contraseña al en

en el área, no recibirá daño del conjuro.

La zona del conjuro no se puede superponer con la de

otro conjuro prohibición. Si lanzas prohibición todos

días durante 30 días en la misma ubicación, el conjuro

durará hasta que sea disipado y los componentes

materiales se consumirán en el último lanzamiento.",pendiente,
Protección Contra el Bien y el Mal,1,Nivel 1,Abjuración,,Acción,Toque,"V, S","Concentración, hasta 1 hora","al menos 25 po, que se consume como parte del conjur

neo        Hasta que el conjuro termine, una criatura voluntaria

áfaga      a la que toques estará protegida contra aberraciones,

celestiales, elementales, feéricos, infernales o muertos

vela,      vivientes. La protección concede varios beneficios.

Las criaturas de esos tipos tendrán desventaja en las

n          tiradas de ataque contra el objetivo. El objetivo tampoco

puede ser poseído por las criaturas ni obtener los estados

de asustado o hechizado a causa de ellas. Si el objetivo

ya está asustado, hechizado o poseído por una criatura

,          de estos tipos, dicho objetivo tendrá ventaja en cualquier

ie         nueva tirada de salvación contra el efecto correspondiente.

PROTECCIÓN CONTRA ENERGÍA

ño         Abjuración de nivel 3 (clérigo, druida, explorador, hechicero,

mago)

Hasta que termine el conjuro, una criatura voluntaria

a la que toques tendrá resistencia a un tipo de daño de

tu elección: ácido, frío, fuego, relámpago o trueno.",pendiente,
Protección Contra Veneno,2,Nivel 2,Abjuración,clérigo; druida; explorador; paladín,1 hora,3 m,"V, S, M (por cada objetivo del conjuro,",Hasta que sea disipado,"l.

,

rea

Tocas a una criatura y pones fin al estado de envenenada

o          silo sufre. Hasta que termine el conjuro, el objetivo tiene

ventaja en las tiradas de salvación para evitar o poner fin

e elijas   al estado de envenenado y resistencia al daño de veneno.

ciones,

os

e en       PROYECCIÓN ASTRAL

ine        Nigromancia de nivel 9 (brujo, clérigo, mago)

ico

trar

un jacinto que valga al menos 1000 po y un lingote de

plata que valga al menos 100 po, que se consumen como

parte del conjuro)

los

Tú y hasta ocho criaturas voluntarias dentro del alcance

proyectáis vuestros cuerpos astrales al Plano Astral

(si ya estáis allí, el conjuro termina al instante). El cuerpo

material que deja atrás un objetivo queda en animación

suspendida; tiene el estado de inconsciente, no necesita

aladín)    aire ni comida y no envejece.

El cuerpo astral de un objetivo es semejante a su

cuerpo en casi todo y replica su perfil y sus posesiones.

lga        La diferencia principal es un cordón plateado que sale de

o)         entre los omóplatos de la forma astral y se desvanece a los

30 cm. Si el cordón se corta (algo que solo puede ocurrir

si un efecto así lo indica), el cuerpo y la forma astral del

objetivo mueren.

Una forma astral puede viajar a través del Plano Astral.

Si abandona el plano, el cuerpo y las posesiones del objetiv

viajan a través del cordón de plata, permitiéndole volver

a entrar en su cuerpo en el nuevo plano.

El daño y otros efectos que se le apliquen a una forma

astral no afectan al cuerpo del objetivo y viceversa.

Si los puntos de golpe del cuerpo del objetivo o de su

forma astral se reducen a O, el conjuro terminará para él.

El conjuro termina para todos los objetivos si empleas

una acción de magia para ponerle fin.

Cuando el conjuro termine para un'objetivo que no

esté muerto, reaparecerá en su cuerpo y concluirá su

animación suspendida.",pendiente,
Proyectar Imagen,7,Nivel 7,Ilusionismo,bardo; mago,Acción,750 km,"V, S, M (una estatuilla de ti que valga","Concentración, hasta 1 día","al menos 5 po)

Creas una copia ilusoria de ti que dura hasta que termine

el conjuro. La copia puede aparecer en cualquier lugar

dentro del alcance que hayas visto antes, sin importar

que haya obstáculos que se interpongan. La ilusión tiene

tu aspecto y suena como tú, pero es intangible. Si recibe

cualquier daño, desaparecerá y el conjuro terminará.

ARMADURA DE MAGO Y CON LOS DARDOS INFALIBLES

DE PROYECTIL MÁGICO

Puedes ver a través de sus ojos y oír con sus oídos como

o   si estuvieras en su espacio. Como acción de magia, puedes

hacer que se mueva hasta 18 m y que realice gestos, hable

y se comporte del modo que quieras. Imita tu gestualidad

a la perfección.

La interacción física con la imagen revela que es una

ilusión, ya que las cosas pueden atravesarla. Si una criatura

emplea una acción de estudiar para examinar la imagen,

puede determinar que es una ilusión si supera una prueba

de Inteligencia (Investigación) contra tu CD de salvación

de conjuros. Si la criatura descubre que la imagen es una

ilusión, no se dejará engañar por ella y los sonidos que

emita le sonarán huecos.",pendiente,
Proyectil Mágico,1,Nivel 1,Evocación,hechicero; mago,Acción,36 m,"V, S",Instantáneo,"Creas tres dardos brillantes de fuerza mágica y cada uno

de ellos golpea a una criatura de tu elección a la que puedas

ver dentro del alcance. Cada dardo inflige 144 +1 de daño de

fuerza al objetivo. Todos los dardos aciertan a la vez y puedes

dirigirlos para que acierten a una sola criatura o a varias.

Con un espacio de conjuro de nivel superior. El conjuro

crea un dardo adicional por cada nivel por encima de 1 que

tenga el espacio.",pendiente,
Puerta Arcana,6,Nivel 6,Conjuración,brujo; hechicero; mago,Acción,150 m,"V, S","Concentración, hasta 10 minutos","Creas portales de teletransporte enlazados. Elige dos

espacios Grandes sin ocupar en el suelo que puedas ver,

uno dentro del alcance y el otro a 3 m o menos de ti.

Un portal circular se abre en cada uno de dichos espacios

y permanece hasta que el conjuro termine.

Los portales son anillos bidimensionales, brillantes

y cubiertos de una niebla que tapa la vista, y levitan

a pocos centímetros del suelo, perpendiculares a él.

Cada portal solo se abre por un lado (tú decides cuál).

Todo lo que entre por el lado abierto de un portal sale por

el lado abierto del otro como si estuvieran adyacentes

entre sí. Como acción adicional, puedes cambiar

la orientación de los lados abiertos.",pendiente,
Puerta Dimensional,4,Nivel 4,Conjuración,bardo; brujo; hechicero; mago,Acción,150 m,V,Instantáneo,"Te teletransportas a una ubicación dentro del alcance

y llegas exactamente al sitio deseado. Puede ser un lugar

que tengas a la vista, uno que logres visualizar o uno que

puedas describir indicando la distancia y la dirección,

como “60 m en línea recta hacia abajo” o “90 m hacia

arriba y hacia el noroeste en un ángulo de 45 grados”.

También puedes teletransportar contigo a una criatura

voluntaria. La criatura deberá estar a 1,5 m o menos de

ti cuando te teletransportes y aparecerá en un espacio

a 1,5 m o menos de tu espacio de destino.

Si la otra criatura, tú o las dos fuerais a llegar a un

espacio ya ocupado por una criatura o totalmente ocupado

por uno o más objetos, la criatura que viaje contigo y tú

sufriréis 4d6 de daño de fuerza y la teletransportación

fallará.",pendiente,
Purificar Comida y Bebida,1,Nivel 1,Transmutación,clérigo; druida; paladín,Acción o ritual,3 m,"V, S",Instantáneo,"Eliminas el veneno y la podredumbre de la comida

y bebida no mágicas en una esfera de 1,5 m de radio

centrada en un punto dentro del alcance.",pendiente,
Ráfaga de Viento,2,Nivel 2,Evocación,druida; explorador; hechicero; mago,Acción,Lanzador,"V, S, M (la semilla de una legumbre)","Concentración, hasta 1 minuto","De ti surge una ráfaga de viento fuerte en una línea

recta de 18 m de largo y 3 m de ancho en la dirección que

elijas hasta que termine el conjuro. Todas las criaturas

en esa línea deberán superar una tirada de salvación de

Fuerza o serán empujadas 4,5 m en la dirección de la

línea. Las criaturas que terminen su turno en ella también

deberán hacer la tirada de salvación.

Cualquier criatura que esté en la línea deberá gastar

2 m de movimiento por cada metro que se mueva para

acercarse a ti.

La ráfaga dispersa el gas o el vapor y apaga velas y otras

llamas desprotegidas de la zona. Hace que las llamas

protegidas, como las.de los faroles, se agiten salvajemente

y tienen un 50 % de probabilidad de apagarse.

Como acción adicional en tus siguientes turnos,

puedes cambiar la dirección en la que la línea surge de ti.",pendiente,
Ralentizar,3,Nivel 3,Transmutación,bardo; hechicero; mago,Acción,36 m,"V, S, M (una gota de melaza)","Concentración, hasta 1 minuto","Alteras el tiempo alrededor de hasta seis criaturas de tu

elección en un cubo de 12 m de lado dentro del alcance.

Cada objetivo deberá superar una tirada de salvación de

Sabiduría o se verá afectado hasta que termine el conjuro.

Un objetivo afectado ve cómo su velocidad se reduce a la

mitad, sufre un penalizador de -2 a la CA y a las tiradas de

salvación de Destreza y no puede llevar a cabo reacciones.

En sus turnos, puede realizar una acción o una acción

adicional, pero no ambas, y solo puede hacer un ataque

si emplea la acción de atacar. Si lanza un conjuro con un

componente somático, hay un 25 % de probabilidades

de que el conjuro falle porque el objetivo haga los gestos

demasiado despacio.

Un objetivo afectado repetirá la tirada de salvación al

final de cada uno de sus turnos y, si tiene éxito, se librará

del conjuro.",pendiente,
Rayo Abrasador,2,Nivel 2,Evocación,hechicero; mago,Acción,36 m,"V, S",Instantáneo,"Y ATRAPA A UN ZOMBI CON EL

RELÁMPAGO DE UN RAYO DE

HECHICERÍA.

Lanzas tres rayos ardientes y los arrojas contra uno

o varios objetivos dentro del alcance. Haz un ataque de

conjuro a distancia por cada rayo. Si acierta, el objetivo

recibe 2d6 de daño de fuego.

Con un espacio de conjuro de nivel superior. Creas un

rayo adicional por cada nivel por encima de 2 que tenga

el espacio.",pendiente,
Rayo de Escarcha,0,Truco,Evocación,hechicero; mago,Acción,18 m,"V, S",Instantáneo,"Lanzas un rayo helado de luz blanquiazul hacia una

criatura dentro del alcance. Haz un ataque de conjuro

a distancia contra el objetivo. Si acierta, el objetivo reci

1d8 de daño de frío y su velocidad se reduce en 3 m hasta

el principio de tu siguiente turno.

Mejora de truco. El daño aumenta en 1d8 cuando

alcanzas los niveles 5 (2d8), 11 (3d8) y 17 (4d8).",ok,
Rayo de Hechicería,1,Nivel 1,Evocación,brujo; hechicero; mago,Acción,18 m,"V, S, M (una ramita golpeada por un rayo)","Concentración, hasta 1 minuto","Un rayo de energía chisporroteante sale disparado hacia

una criatura dentro del alcance, formando un arco

constante similar a un relámpago entre el objetivo y tú.

Haz un ataque de conjuro a distancia contra él. Si acierta,

el objetivo sufre 2d12 de daño de relámpago.

En cada uno de tus siguientes turnos, puedes emplear

una acción adicional para causar 1d12 de daño de relámpago

al objetivo automáticamente, incluso si el primer ataque

falla.

El conjuro termina si en algún momento el objetivo

be   queda fuera del alcance del conjuro o si consigue tener

cobertura completa respecto a ti.

Con un espacio de conjuro de nivel superior. El daño

inicial aumenta en 1d12 por cada nivel por encima de 1 que

tenga el espacio.",pendiente,
Capítulo 7 Conjuros Rayo de Luna,2,Nivel 2,Evocación,druida,Acción,36 m,"V, S, M (una hoja con forma de media luna","Concentración, hasta 1 minuto","Un rayo de luz pálida y plateada brilla en un cilindro

1,5 m de radio y 12 m de alto centrado en un punto den

del alcance. Hasta que el conjuro termine, una luz ten

llena el cilindro y puedes emplear una acción de magia

en turnos posteriores para mover el cilindro hasta 18

Cuando el cilindro aparezca, todas las criaturas

que haya en él realizan una tirada de salvación de

Constitución. Si la fallan, recibirán 2d10 de daño rad

y si una criatura ha cambiado de forma (por ejemplo,

como resultado del conjuro polimorfar), volverá a su

forma real y no podrá cambiarla hasta que salga del

cilindro. Si la superan, solo sufrirán la mitad de ese

Una criatura también deberá hacer esta tirada cuando e

área del conjuro entre en su espacio o cuando la criat

entre en el área o acabe su turno en ella. Una criatur

solo hace esta tirada una vez por turno.

Con un espacio de conjuro de nivel superior. El daño

aumenta en 1d10 por cada nivel por encima de 2 que ten

el espacio.",pendiente,
Rayo Debilitador,2,Nivel 2,Nigromancia,brujo; mago,Acción,18 m,"V, S","Concentración, hasta 1 minuto","Un haz de energía debilitadora surge de ti hacia una

criatura dentro del alcance. El objetivo deberá hacer

tirada de salvación de Constitución. Si la supera, ten

desventaja en la siguiente tirada de ataque que haga h

el principio de tu siguiente turno.

Si la falla, tendrá desventaja en las pruebas con d

basadas en la Fuerza hasta que termine el conjuro.

Durante ese tiempo, también restará 1d8 a todas las

tiradas de daño que haga. El objetivo repetirá la tira

de salvación al final de cada uno de sus turnos y, si

éxito, se librará del conjuro.",pendiente,
Rayo Nauseabundo,1,Nivel 1,Nigromancia,hechicero; mago,Acción,18 m,"V, S",Instantáneo,"Disparas un rayo verduzco hacia una criatura dentro

del alcance. Haz un ataque de conjuro a distancia cont

el objetivo. Si acierta, el objetivo sufrirá 2d8 de da

veneno y tendrá el estado de envenenado hasta el final

de tu siguiente turno.

Con un espacio de conjuro de nivel superior. El daño

aumenta en 1d8 por cada nivel por encima de 1 que tenga

el espacio.",pendiente,
Rayo Solar ),6,Nivel 6,Evocación,clérigo; druida; hechicero; mago,"Acción de      Alcance: Lanzador tro      Componentes: V, S, M (una lupa) ue       Duración: Concentración, hasta 1 minuto m.       Lanzas un rayo solar en una línea de 1,5 m de ancho y 18 m de largo. Todas las criaturas situadas en esa línea harán una tirada de salvación de Constitución. Si la fallan, iante,   recibirán 6d8 de daño radiante y tendrán el estado de cegadas hasta el principio de tu siguiente turno. Si la superan, recibirán solo la mitad de daño.",,,,"Hasta que el conjuro termine, puedes emplear una

daño.   acción de magia para crear una nueva línea de luz

l        radiante.             SS

ura        Hasta que termine el conjuro, por encima de ti brillará

a        una mota radiante que emite luz brillante en un radio

de 9 m y luz tenue 9 m más allá. Esta luz es luz solar.

ga",pendiente,
Recado,3,Nivel 3,Adivinación,bardo; clérigo; mago,Acción,Ilimitado,"V, S, M (un alambre de cobre)",Instantáneo,"Envías un mensaje corto de 25 palabras o menos a una

criatura que conozcas o a una criatura que te haya

descrito alguien que la conozca. El objetivo escucha

el mensaje en su mente, te reconoce como emisor si

una      sabe quién eres y puede responder de manera similar

drá      inmediatamente. El conjuro permite que los objetivos

asta     comprendan el significado del mensaje.

Puedes enviar el mensaje a cualquier distancia e incluso

20       a otros planos de existencia, pero si el objetivo está en un

plano diferente al tuyo, existe una probabilidad del 5 % de

que el mensaje no llegue. Si el mensaje no llega, lo sabrás.

da         Al recibir tu mensaje, una criatura puede impedir que

tiene    te pongas en contacto con ella otra vez con este conjuro

durante 8 horas. Si intentas enviarle otro mensaje durante

ese tiempo, sabrás que te ha bloqueado y el conjuro fallará.",pendiente,
Recluir,7,Nivel 7,Transmutación,mago,Acción,Toque,"V, S, M (polvo de piedras preciosas que valga",Hasta que sea disipado,"al menos 5000 po, que se consume como parte del conjuro)

ra

ño de

Con un toque, recluyes mágicamente un objeto o a una

criatura voluntaria. Hasta que el conjuro termine,

el objetivo tiene el estado de invisible y no puede ser

objetivo de conjuros de adivinación, detectado con

magia ni observado desde lejos mediante magia.

Si el objetivo es una criatura, entra en un estado de

animación suspendida: tiene el estado de inconsciente,

no envejece y no necesita aire, beber ni comer.

Puedes establecer una condición para que el conjuro

termine antes de tiempo, que puede ser cualquier cosa que

elijas, pero debe ocurrir o ser visible a 1,5 km o menos del

objetivo. Por ejemplo, “cuando transcurran 1000 años”

o “cuando se despierte la tarasca”. Este conjuro también

termina si el objetivo recibe cualquier daño.",pendiente,
Reencarnar,5,Nivel 5,Nigromancia,druida,1 hora,Toque,"V, S, M (aceites raros que valgan al menos",Instantáneo,"1000 po, que se consumen como parte del conjuro)

Tocas a un humanoide muerto o una parte de sus

restos. Siempre que la criatura no lleve muerta más de

10 días, el conjuro forma un nuevo cuerpo y llama al

alma para que entre en él. Tira 1d10 y consulta la tabla

a continuación para determinar la especie del cuerpo,

o bien tu DM elige otra especie jugable.

1d10     Especie                  1410      Especie

1      Aasimar                    6      Goliat

2      Dracónido                  7      Humano

3      Elfo                       8      Mediano

4      Enano                      o)     Orco

>)     Gnomo                     10      Tiefling

La criatura reencarnada hace cualquier elección que

ofrezca la descripción de la especie y recuerda su vida

anterior. Conserva las capacidades que tenía en su forma

original, pero los atributos de su especie nueva sustituyen

a los de la anterior.",pendiente,
Regenerar,7,Nivel 7,Transmutación,bardo; clérigo; druida,1 minuto,Toque,"V, S, M (una rueda de plegarias)",1 hora,"Una criatura a la que toques recupera 4d8 + 15 puntos de

golpe. Hasta que el conjuro termine, el objetivo recupera

1 punto de golpe al principio de cada uno de sus turnos

y los miembros cercenados crecen de nuevo al cabo de

2 minutos.",pendiente,
Relámpago,3,Nivel 3,Evocación,hechicero; mago,Acción,Lanzador,"V, S, M (un poco de pelaje y una vara",Instantáneo,"de cristal)

Un relámpago que forma una línea de 30 m de largo

y 1,5 m de ancho surge de ti en la dirección que elijas.

Todas las criaturas situadas en esa línea deberán hacer

una tirada de salvación de Destreza; sufrirán 8d6 de daño

de relámpago si la fallan o la mitad del daño si la superan.

Con un espacio de conjuro de nivel superior. El daño

aumenta en 1d6 por cada nivel por encima de 3 que tenga

el espacio.",pendiente,
Relámpago en Cadena,6,Nivel 6,Evocación,hechicero; mago,Acción,45 m,"V, S, M (tres alfileres de plata)",Instantáneo,"Lanzas un relámpago hacia un objetivo que puedas

ver dentro del alcance. A continuación, de ese objetivo

surgirán otros tres relámpagos dirigidos a otros tantos

objetivos de tu elección, cada uno de los cuales deberá

estar a 9 m o menos del primero. Un objetivo puede ser

una criatura o un objeto y solo puede ser objetivo de uno

de los relámpagos.

Cada objetivo hace una tirada de salvación de Destreza;

sufrirá 10d8 de daño de relámpago si la falla o la mitad del

daño si la supera.

Con un espacio de conjuro de nivel superior. Surge un

relámpago adicional del primer objetivo a otro objetivo

por cada nivel por encima de 6 que tenga el espacio.",pendiente,
Reparar,0,Truco,"Transmutación (bardo, clérigo, druida, hechicero,",,1 minuto,Toque,"V, S, M (dos imanes naturales)",Instantáneo,"mago)

Este conjuro repara una sola grieta o desgarrón en un

objeto que toques, como un eslabón roto en una cadena,

las dos mitades de una llave partida, una capa rasgada

o una fuga en una bota de vino. Mientras la grieta o el

desgarrón no tenga más de 30 cm de tamaño en ninguna

de sus dimensiones, lo arreglarás sin dejar rastro del daño.

Este conjuro puede reparar el componente físico de un

objeto mágico, pero no puede restaurar su magia.",pendiente,
Reprensión Infernal,1,Nivel 1,Evocación,brujo,"Reacción, que llevas a cabo en",18 m,"V, S",Instantáneo,"respuesta a recibir daño de una criatura que puedas ver

a 18 mo menos de ti

La criatura que te ha dañado se ve rodeada

momentáneamente por unas llamas verdes y hará una

tirada de salvación de Destreza; sufrirá 2d10 de daño

de fuego si la falla o la mitad del daño si la supera.

Con un espacio de conjuro de nivel superior. El daño

aumenta en 1d10 por cada nivel por encima de 1 que tenga

el espacio.",pendiente,
Resistencia,0,Truco,Abjuración,clérigo; druida,Acción,Toque,"V, S","Concentración, hasta 1 minuto","Tocas a una criatura voluntaria y eliges un tipo de daño:

ácido, contundente, cortante, frío, fuego, necrótico,

perforante, radiante, relámpago, trueno o veneno.

Cuando la criatura sufra daño del tipo elegido antes de

que termine el conjuro, reduce el daño total recibido en

144. Una criatura solo puede beneficiarse de este conjuro

una vez por turno.",ok,
Respirar Bajo el Agua,3,Nivel 3,Transmutación,druida; explorador; hechicero; mago,Acción o ritual,9 m,"V, S, M (un junco corto)",24 horas,"Este conjuro concede a hasta diez criaturas voluntarias

que elijas dentro del alcance la capacidad de respirar

bajo el agua hasta que el conjuro termine. Las criaturas

afectadas también conservan su modo de respiración

normal.",pendiente,
Restablecimiento Mayor,5,Nivel 5,Abjuración,,Acción,Toque,"V, S, M (polvo de diamante que valga al",Instantáneo,"paladín)

menos 100 po y que se consume como parte del conjuro)

Tocas a una criatura y eliminas mágicamente uno de los

siguientes efectos de ella:

+ 1 nivel de cansancio.

+ Los estados de hechizado o petrificado.

+ Una maldición, incluida la sintonización del objetivo

con un objeto mágico maldito.

+ Cualquier reducción de una de las puntuaciones

de característica del objetivo.

+ Cualquier reducción de los puntos de golpe máximos

del objetivo.",pendiente,
Restablecimiento Menor,2,Nivel 2,Abjuración,,Acción adicional,Toque,"V, S",Instantáneo,"paladín)

Tocas a una criatura y le pones fin a un estado que tenga:

cegada, ensordecida, envenenada o paralizada.",pendiente,
Resurrección,7,Nivel 7,Nigromancia,bardo; clérigo,1 hora,Toque,"V, S, M (un diamante que valga al menos",Instantáneo,"1000 po y que se consume como parte del conjuro)

Con un toque, revives a una criatura que no lleve más de

un siglo muerta, que no muriera de vieja y que no fuera

un muerto viviente cuando falleció.

La criatura vuelve a la vida con todos sus puntos de

golpe. El conjuro también neutraliza cualquier veneno

que afectase a la criatura en el momento de su muerte.

Este conjuro cierra todas las heridas mortales y devuelve

las partes del cuerpo que falten.

Regresar de entre los muertos es una experiencia

complicada. El objetivo tendrá un penalizador de -4 a las

pruebas con d20. Cada vez que finalice un descanso largo,

el penalizador se reduce en 1 hasta desaparecer.

Lanzar el conjuro para revivir a una criatura que lleve

muerta 365 días o más te exige un gran esfuerzo. Hasta

que finalices un descanso largo, no podrás volver a lanzar

conjuros y tendrás desventaja en las pruebas con d20.",pendiente,
Resurrección Verdadera,9,Nivel 9,Nigromancia,clérigo; druida,1 hora,Toque,"V, S, M (diamantes que valgan al menos",Instantáneo,"25 000 po, que se consumen como parte del conjuro)

Tocas a una criatura que no lleve más de 200 años muerta

y que falleciera por cualquier motivo menos de vieja.

La criatura revive con todos sus puntos de golpe.

Este conjuro cierra todas las heridas, neutraliza cualquier

veneno, cura todas las enfermedades mágicas y levanta

las maldiciones que afectaran a la criatura cuando murió.

También sustituye los órganos y las extremidades que

le falten o sufrieran daños. Si la criatura era un muerto

viviente, la resucitará con su forma normal.

El conjuro puede proporcionar un nuevo cuerpo si

el original ya no existe, en cuyo caso debes pronunciar

el nombre de la criatura. A continuación, esta aparecerá

en un espacio sin ocupar que elijas a 3 m o menos de ti.",pendiente,
Retirada Expeditiva,1,Nivel 1,Transmutación,brujo; hechicero; mago,Acción adicional,Lanzador,"V, S","Concentración, hasta 10 minutos","Realizas la acción de correr y, hasta que el conjuro

termine, puedes volver a hacerla como acción adicional.",pendiente,
Revivir,3,Nivel 3,Nigromancia,clérigo; druida; explorador; paladín,Acción,Toque,"V, S, M (un diamante que valga al menos",Instantáneo,"300 po, que se consume como parte del conjuro)

Tocas a una criatura que haya muerto en el último minuto.

La criatura revive con 1 punto de golpe. Este conjuro no

puede revivir a una criatura que haya muerto de vieja ni

devolverle las partes del cuerpo que haya perdido.",pendiente,
Risa Horrible de Tasha,1,Nivel 1,Encantamiento,bardo; brujo; mago,Acción,Lanzador,"V, S, M (una pizca de arena de colo",Instantáneo,"Una criatura de tu elección que puedas ver dentro

del alcance realiza una tirada de salvación de Sabiduría.

Si la falla, tendrá los estados de derribada e incapacitada

hasta que el conjuro termine. Durante ese tiempo, se reirá

de forma incontrolable si tiene la capacidad de reírse y no

podrá poner fin a su estado de derribada.

Al final de cada uno de sus turnos y cada vez que reciba

daño, realizará otra tirada de salvación de Sabiduría.

Tendrá ventaja en ella si la realiza por sufrir daño.

Si la supera, el conjuro terminará.

Con un espacio de conjuro de nivel superior. Puedes

hacer objetivo a una criatura adicional por cada nivel

por encima de 1 que tenga el espacio.

ROCIADA DE COLOR

Hlusionismo de nivel1 (bardo, hechicero, mago)

Emites una ráfaga de luces brillantes y parpadea

múltiples colores. Todas las criaturas situadas

de 4,5 m que se origina en ti deberán superar un

salvación de Constitución o tendrán el estado de

hasta el final de tu siguiente turno.",pendiente,
Rociada Prismática,7,Nivel 7,Evocación,bardo; hechicero; mago,Acción,Lanzador,"V, S",Instantáneo,"Ocho rayos de luz surgen de tu mano en un cono d

Todas las criaturas situadas en el cono hacen un

de salvación de Destreza. Por cada objetivo, tir

determinar qué rayo de color le afecta y consult

“Rayos prismáticos”.

]

RAYOS PRISMÁTICOS

1d8    Rayo

1    Rojo. Si falla la tirada: 1246 de daño d

Si supera la tirada: la mitad de daño.

2    Naranja. Si falla la tirada: 12d6 de dañ

Si supera la tirada: la mitad de daño.

3    Amarillo. Si falla la tirada: 12d6 de da

Si supera la tirada: la mitad de daño.

4    Verde. Si falla la tirada: 12d6 de daño

Si supera la tirada: la mitad de daño,

5    Azul. Si falla la tirada: 12d6 de daño d

Si supera la tirada: la mitad de daño.

6    Añil. Si falla la tirada: el objetivo te

de apresado y hará una tirada de salvaci

Constitución al final de cada uno de sus

Si la supera tres veces, el estado termi

tres veces, tendrá el estado de petrific

libere un efecto como el del conjuro res

mayor. Los éxitos y los fallos no tienen

consecutivos: lleva la cuenta de ambos h

el objetivo tenga tres de un mismo tipo.

7.   Violeta. Si falla la tirada: El objetivo

de cegado y hará una tirada de salvación

al principio de tu siguiente turno. Si l

el estado terminará. Si la falla, el est

y la criatura se teletransportará a otro

existencia (a elección de tu DM).

8    Especial. Dos rayos alcanzan al objetivo

veces y repite los resultados de 8.

res)

ntes de

en un cono

a tirada de

cegadas

e 18 m.

a tirada                                UNIENANO/ TUVO UN DESAFORTUNADO

a 18 para                               ENCUENTRO CON UN RAYO AÑIL DE UNA

a la tabla                              ROCIADA PRISMÁTICA.",pendiente,
Rociada Venenosa,0,Truco,Nigromancia,brujo; druida; hechicero; mago,,9 m,"V, S",Instantáneo,"Instantáneo e fuego.            Tiempo de lanzamiento: Acción o de ácido.               a ño de relámpago.    Rocías a una criatura dentro del alcance con una niebla tóxica. Haz un ataque de conjuro a distancia contra el bjetivo. Si acierta, el objeti     ibe 1d12 de daño d de veneno.          RON                                           a veneno. Mejora de truco. El daño aumenta en 1d12 cuando e frío.             alcanzas los niveles 5 (2d12), 11 (3d12) y 17 (4d12). ndrá el estado ón de",ok,
Saber Druídico,0,Truco,Transmutación,druida,,,"V, S",Instantáneo,"Instantáneo turnos. nará. Si la falla   Tiempo de lanzamiento: Acción ado hasta que lo    Alcance: 9 m tablecimiento por qué ser asta que            Susurras a los espíritus de la naturaleza y produces uno de los siguientes efectos dentro del alcance. Sensor climático. Creas un efecto sensorial Diminuto tendrá el estado e inofensivo que predice el clima que habrá en tu ubicación de Sabiduría       durante las siguientes 24 horas. El efecto se manifiesta a supera,           como un orbe dorado para los cielos despejados, una nube ado terminará       para la lluvia, copos de nieve para la nieve, etc. Este efecto plano de           persiste durante 1 asalto. Florecer. Haces que, al instante, una flor florezca, una . Tira dos          vaina de semillas se abra o el brote de una hoja germine. SABER ORVÍDICO PARA HACER CRECER FLORES. Efecto sensorial. Creas un efecto sensorial inofensivo, como hojas cayendo, hadas espectrales bailando, una suave brisa, el sonido de un animal o un leve olor a mofeta. El efecto debe caber en un cubo de 1,5 m de lado. Jugar con fuego. Enciendes o apagas una vela, una antorcha o una hoguera.",rechazado,
Saeta Guía,1,Nivel 1,Evocación,clérigo,Acción,36 m,"V, S",1 asalto,"Lanzas un rayo de luz hacia una criatura dentro del

alcance. Haz un ataque de conjuro a distancia contra

el objetivo. Si acierta, el objetivo recibirá 4d6 de daño

radiante y la siguiente tirada de ataque contra él antes

del final de tu siguiente turno tendrá ventaja.

Con un espacio de conjuro de nivel superior. El daño

aumenta en 1d6 por cada nivel por encima de 1 que tenga

el espacio.",pendiente,
Salpicadura Ácida,0,Truco,Evocación,hechicero; mago,Acción,18 m,"V, S",Instantáneo,"Creas una burbuja ácida en un punto dentro del alcance,

donde explotará en una esfera de 1,5 m de radio. Todas las

criaturas situadas en la esfera deberán superar una tirada

de salvación de Destreza o sufrirán 1d6 de daño de ácido.

Mejora de truco. El daño aumenta en 1d6 cuando

alcanzas los niveles 5 (2d6), 11 (3d6) y 17 (4d6).",ok,
Salto,1,Nivel 1,Transmutación,druida; explorador; hechicero; mago,Acción adicional,Toque,"V, S, M (la pata trasera de un saltamontes)",1 minuto,"Tocas a una criatura voluntaria. Una vez en cada uno de

sus turnos hasta que el conjuro termine, la criatura puede

saltar hasta 9 m usando 3 m de movimiento.

Con un espacio de conjuro de nivel superior. Puedes

hacer objetivo a una criatura adicional por cada nivel

por encima de 1 que tenga el espacio.",pendiente,
Sanctasanctórum Privado de Mordenkainen,4,Nivel 4,Abjuración,mago,10 minutos,36 m,"V, S, M (una lámina fina de plomo)",24 horas,"Haces que una zona dentro del alcance sea mágicamente

segura. Esta zona es un cubo que puede tener un tamaño

desde tan solo 1,5 m de lado a hasta 30 m y permanecerá

hasta que el conjuro termine.

Cuando lanzas el conjuro, decides el tipo de seguridad

que proporciona eligiendo cualesquiera de las siguientes

propiedades:

+ El sonido no puede atravesar la barrera del perímetro

de la zona protegida.

+ La barrera de la zona protegida parece oscura y con

niebla, impidiendo ver a través de ella (incluso a la visión

en la oscuridad).

+ Dentro de la zona protegida no pueden aparecer

sensores creados mediante conjuros de adivinación,

ni estos pueden atravesar la barrera del perímetro.

+ Las criaturas en la zona no pueden ser el objetivo

de conjuros de adivinación.

+ Nada puede teletransportarse ni al interior ni al exterior

del área protegida.

+ El viaje interplanar está bloqueado dentro de la zona.

Si este conjuro se lanza a diario en el mismo lugar

durante 365 días, durará hasta que sea disipado.

Con un espacio de conjuro de nivel superior. Puedes

aumentar el tamaño del cubo en 30 m por cada nivel

por encima de 4 que tenga el espacio.",pendiente,
Santuario,1,Nivel 1,Abjuración,clérigo,Acción adicional,9 m,"V, S, M (un trozo de vidrio de un espejo)",1 minuto,"Proteges a una criatura que esté dentro del alcance.

Hasta que el conjuro termine, cualquier criatura que

haga objetivo a la criatura protegida con un ataque

o un conjuro que inflija daño deberá superar primero

una tirada de salvación de Sabiduría; de lo contrario,

elegirá un nuevo objetivo o perderá el ataque o conjur

Este conjuro no protege a la criatura contra los efect

de área. El conjuro termina si la criatura protegida h

una tirada de ataque, lanza un conjuro o inflige daño.",pendiente,
Semiplano,8,Nivel 8,Conjuración,brujo; hechicero; mago,Acción,18 m,S,1 hora,"Creas una puerta de sombras Mediana en una superficie

sólida plana que puedas ver dentro del alcance. Esta

puerta puede abrirse y cerrarse y lleva a un semiplano

que parece una habitación vacía de 9 m de lado en cada

dimensión, hecha de madera o de piedra (a tu elección)

Cuando el conjuro termina, la puerta se desvanecerá

y todos los objetos dentro del semiplano permanecerán

en él. Las criaturas que haya también se quedarán dent

salvo que prefieran que la puerta las expulse cuando

se desvanece, lo que hará que aterricen con el estado

de derribadas en los espacios sin ocupar más cercanos

a donde estaba la puerta.

Cada vez que lances este conjuro, puedes crear un

nuevo semiplano o hacer que la puerta de sombras conec

con un semiplano que hayas creado previamente con el

conjuro. Además, si conoces la naturaleza y el conteni

de un semiplano creado cuando otra criatura lanzó

este conjuro, en su lugar puedes hacer que la puerta

de sombras conecte con dicho semiplano.",pendiente,
Señal de Esperanza,3,Nivel 3,Abjuración,clérigo,Acción,9 m,"V, S","Concentración, hasta 1 minuto","Elige cualquier cantidad de criaturas dentro del alcan

Hasta que el conjuro termine, todos los objetivos tien

ventaja en sus tiradas de salvación de Sabiduría y sus

tiradas de salvación contra muerte, y también recupera

la cantidad máxima posible de puntos de golpe en cualq

curación.",pendiente,
Sentidos de la Bestia,2,Nivel 2,Adivinación,druida; explorador,Acción adicional,Lanzador,"V, S, M (muérdago)",1 minuto,"Tocas a una bestia voluntaria. Hasta que el conjuro

termine, puedes percibir a través de los sentidos de la

bestia, así como de los tuyos. Cuando percibes a través

de ella, te beneficias de cualquier sentido especial que

tenga.

o.

os

ace    SHILLELAGH

Truco de transmutación (druida)

Un bastón o un garrote que sostengas se ve impregnado

del poder de la naturaleza. Hasta que termine el conjuro,

puedes usar tu aptitud mágica en lugar de tu Fuerza para

las tiradas de ataque y de daño de tus ataques cuerpo

a cuerpo usando esa arma y el dado de daño pasa a ser

un d8. Si el ataque inflige daño, puede ser de fuerza

o del tipo de daño normal del arma (a tu elección).

El conjuro termina antes de tiempo si lo vuelves a lanzar

.      o si sueltas el arma.

Mejora de truco. El dado de daño cambia cuando

alcanzas los niveles 5 (d10), 11 (d12) y 17 (2d6).

ro",pendiente,
Silencio,2,Nivel 2,Ilusionismo,bardo; clérigo; explorador,Acción o ritual,36 m,"V, S","Concentración, hasta 10 minutos","te

do

Hasta que termine el conjuro, creas una esfera de 6 m

de radio centrada en un punto de tu elección dentro del

alcance. Ningún sonido podrá atravesarla ni originarse en

su interior. Toda criatura u objeto tiene inmunidad al daño

de trueno si se halla completamente dentro de la esfera,

y las criaturas tienen el estado de ensordecidas en su

interior. Dentro de ella es imposible lanzar conjuros que

tengan un componente verbal.",pendiente,
Símbolo,7,Nivel 7,Abjuración,bardo; clérigo; druida; mago,1 minuto,Toque,"V, S, M (diamante en polvo que valga al",Hasta que sea disipado o se active,"ce.

en

n

menos 1000 po y que se consume como parte del conjuro)

uier

Inscribes un glifo dañino bien en una superficie (como

un trozo de un suelo o una pared) o bien en un objeto que

se pueda cerrar (como un libro o un cofre). Este puede

abarcar una zona de hasta 3 m de diámetro. Si eliges un

objeto, este debe permanecer en su sitio; si se mueve más

de 3 m respecto al lugar donde lanzaste el conjuro, el glifo

se romperá y el conjuro terminará sin activarse.

El glifo es casi imperceptible y es necesario superar

una prueba de Sabiduría (Percepción) contra tu CD de

salvación de conjuros para detectarlo.

Cuando inscribas el glifo, decides qué condición lo

activa y eliges qué efecto tiene el símbolo: aturdimiento,

discordia, dolor, muerte, miedo o sueño (se explican

a continuación).

Establecer el activador. Cuando lances el conjuro, decide

qué activará el glifo. En el caso de los glifos inscritos en

superficie, las condiciones que suelen activarlos incluyen

tocarlos o situarse sobre ellos, quitar otro objeto que los

cubra o acercarse a cierta distancia de ellos. En el caso de

los glifos inscritos en un objeto, suelen activarse al abrir

el objeto o mirar el glifo.

Puedes especificar aún más la condición, de modo

que solo las criaturas de ciertos tipos puedan activarlo

(por ejemplo, que solo afecte a las aberraciones). También

puedes establecer excepciones sobre qué criaturas no

activarán el glifo; por ejemplo, las que pronuncien una

contraseña.

Una vez activado, el glifo brilla y llena una esfera de

18 m de radio con luz tenue durante 10 minutos, tras lo

cual el conjuro termina. Todas las criaturas que haya

en la esfera cuando el glifo se active serán objetivo de

su efecto, al igual que una criatura que entre en ella

por primera vez en un turno o termine su turno allí.

Una criatura solo puede ser objetivo una vez por turno.

Aturdimiento. Cada objetivo deberá superar una tirada

de salvación de Sabiduría o tendrá el estado de aturdido

durante 1 minuto.

Discordia. Cada objetivo hace una tirada de salvación

de Sabiduría. Si la falla, el objetivo discutirá verbalmente

con otras criaturas durante 1 minuto. Durante este tiempo,

no podrá comunicarse de forma razonable y tendrá

desventaja en las tiradas de ataque y las pruebas de

característica.                           >

Dolor. Cada objetivo deberá superar una tirada

de salvación de Constitución o tendrá el estado de

incapacitado durante 1 minuto.

Muerte. Cada objetivo hace una tirada de salvación

de Constitución; sufrirá 10d10 de daño necrótico si la

falla o la mitad del daño si la supera.

Sueño. Cada objetivo deberá superar una tirada de

salvación de Sabiduría o tendrá el estado de inconsciente

durante 10 minutos. Una criatura se despierta si recibe

daño o si alguien utiliza una acción para sacudirla.

Terror. Cada objetivo deberá superar una tirada de

salvación de Sabiduría o tendrá el estado de asustado

durante 1 minuto. Mientras esté asustado, el objetivo

deberá alejarse al menos 9 m del glifo en cada uno de

sus turnos si puede.",pendiente,
Simulacro,7,Nivel 7,Ilusionismo,mago,12 horas,Toque,"V, S, M (rubí",Hasta que sea disipado,"en polvo que valga al menos

1500 po, que se consume como parte del conjuro)

Creas un simulacro de una bestia o humanoide que

permanezca a 3 m o menos de ti durante todo el tiempo

de lanzamiento del conjuro. Para finalizar el lanzamiento,

tocas a la criatura y una pila de hielo o nieve de su mismo

tamaño, de modo que la pila se transformará en un

simulacro y será una criatura. El simulacro tendrá el perfil

una   de la criatura original en el momento del lanzamiento,

excepto que es un autómata, tiene la mitad de puntos de

golpe máximos y no puede lanzar este conjuro.

El simulacro es amistoso contigo y con las criaturas

que designes, obedece tus órdenes y actúa en tu turno

en combate. Además, no puede subir de nivel ni hacer

descansos cortos o largos.

Si el simulacro sufre daño, la única forma de restaurar

sus puntos de golpe es repararlo cuando hagas un descanso

largo. En ese momento, puedes gastar componentes con

un valor de 100 po por cada punto de golpe recuperado.

Para repararlo, el simulacro debe permanecer a 1,5 m

o menos de ti.

El simulacro dura hasta que sus puntos de golpe se

reducen a 0, momento en el que vuelve a convertirse en

nieve o hielo y se derrite. Si vuelves a lanzar este conjuro,

cualquier simulacro que hayas creado antes con él se

destruye al instante.",pendiente,
Sirviente Invisible,1,Nivel 1,Conjuración,bardo; brujo; mago,Acción o ritual,18 m,"V, S, M (un trozo de cuerda y uno de madera)",1 hora,"Este conjuro crea una fuerza invisible de tamaño

Mediano, sin mente y sin forma, que realiza las tareas

sencillas que le ordenes hasta que el conjuro termine.

El sirviente surge en un espacio sin ocupar en el suelo

dentro del alcance. Tiene una CA de 10, 1 punto de golpe,

una Fuerza de 2 y no puede atacar. Si sus puntos de golpe

se reducen a O, el conjuro termina.

Una vez en cada uno de tus turnos como acción

adicional, puedes ordenar mentalmente al sirviente que

se mueva hasta 4,5 m y que interactúe con un objeto.

El sirviente puede realizar tareas sencillas que también

podría llevar a cabo un humano, como traer y llevar cosas,

limpiar, remendar, plegar ropa, encender un fuego y servir

comida o bebida. En cuanto das la orden, el sirviente

realiza la tarea lo mejor que puede hasta que la completa

y luego espera tu siguiente orden.

Si ordenas al sirviente que lleve a cabo una tarea que

lo alejaría más de 18 m de ti, el conjuro termina.",pendiente,
Sordera/Ceguera,2,Nivel 2,Transmutación,,Acción,36 m,V,1 minuto,"Una criatura que puedas ver dentro del alcance deberá

superar una tirada de salvación de Constitución o tend

el estado de cegada o ensordecida (a tu elección) hast

que el conjuro termine. Al final de cada uno de sus tu

el objetivo repite la tirada de salvación y, si tiene

se librará del conjuro.

Con un espacio de conjuro de nivel superior. Puedes

hacer objetivo a una criatura adicional por cada nivel

por encima de 2 que tenga el espacio.",pendiente,
Sugestión,2,Nivel 2,Encantamiento,,Acción,9 m,"V, M (una gota de miel)","Concentración, hasta 8 horas","Sugieres un curso de acción (de no más de 25 palabras)

a una criatura que puedas ver dentro del alcance y que

te pueda oír y entender. La sugerencia tiene que parec

factible y no ser claramente dañina para el objetivo o

aliados. Por ejemplo, podrías decir: “Ve a por la llav

cámara del tesoro de la secta y tráemela”, o quizá “de

luchar, vete pacíficamente de la biblioteca y no vuelv

El objetivo deberá superar una tirada de salvación

de Sabiduría o tendrá el estado de hechizado hasta que

termine el conjuro o hasta que tus aliados o tú le hag

daño. El objetivo hechizado llevará a cabo la sugerenc

lo mejor que pueda. La actividad sugerida puede seguir

hasta que termine el conjuro, pero si se puede complet

en menos tiempo, el conjuro terminará sobre el objetiv

cuando la complete.",pendiente,
Sugestión en Masa,6,Nivel 6,Encantamiento,bardo; hechicero; mago,Acción,18 m,"V, M (una lengua de serpiente)",24 horas,"Sugieres un curso de acción (de no más de 25 palabras)

a doce o menos criaturas que puedas ver dentro del

alcance y que te puedan oír y entender. La sugerencia

tiene que parecer factible y no ser claramente dañina

cualquiera de los objetivos o sus aliados. Por ejemplo

podrías decir: “Id hasta el pueblo por ese camino y ayudad

a sus habitantes a recoger la cosecha hasta que atardezca”,

o quizá “no es momento de luchar; soltad las armas,

ago)

poneos a bailar y no paréis hasta dentro de una hora”.

Todos los objetivos deberán superar una tirada de

salvación de Sabiduría o tendrán el estado de hechizados

hasta que termine el conjuro o hasta que tus aliados o tú

les hagáis daño. Cada objetivo hechizado llevará a cabo

la sugerencia lo mejor que pueda. La actividad sugerida

rá        puede seguir hasta que termine el conjuro, pero si se

puede completar en menos tiempo, el conjuro terminará

a

rnos,     sobre un objetivo cuando la complete.

Con un espacio de conjuro de nivel superior. La duración

éxito,

aumenta al usar espacios de nivel 7 (10 días), 8 (30 días)

09 (366 días).",pendiente,
Susurros Discordantes,1,Nivel 1,Encantamiento,bardo,Acción,,"V, S",Instantáneo o)        Alcance: 18 m,"Una criatura de tu elección que puedas ver dentro

del alcance oye una melodía discordante en su mente.

El objetivo hace una tirada de salvación de Sabiduría.

Si la falla, recibirá 3d6 de daño psíquico y deberá utilizar

er        su reacción inmediatamente, si es posible, para alejarse

de ti tanto como pueda por la ruta más segura. Si supera

sus

la tirada, solo sufrirá la mitad de ese daño.

e de la

Con un espacio de conjuro de nivel superior. El daño

ja de

as”.      aumenta en 1d6 por cada nivel por encima de 1 que tenga

el espacio.

áis

ia        TAÑIDO POR LOS MUERTOS

Truco de nigromancia (brujo, clérigo, mago)

ar        Tiempo de lanzamiento: Acción

o         Alcance: 18 m

Señalas a una criatura que puedas ver dentro del alcance

y el sonido de una campana funesta suena a 3 m o menos

del objetivo. El objetivo deberá superar una tirada de

salvación de Sabiduría o sufrirá 1d8 de daño necrótico.

Si el objetivo no tiene todos sus puntos de golpe, el daño

necrótico aumenta a 1d12.

Mejora de truco. El daño aumenta en un dado cuando

alcanzas los niveles 5 (2d8 o 2d12), 11 (3d8 o 3d12)

y 17 (4d8 o 4d12).

para

,",pendiente,
Taumaturgia,0,Truco,Transmutación,clérigo,Acción,9 m,V,Hasta 1 minuto,"Manifiestas un pequeño milagro dentro del alcance

y produces uno de los siguientes efectos mágicos. Si lanzas

este conjuro varias veces, puedes mantener activos a la

vez hasta tres de sus efectos de 1 minuto.

Jugar con fuego. Haces que las llamas parpadeen, brillen

más, se atenúen o cambien de color durante 1 minuto.

Mano invisible. Abres o cierras de golpe una puerta

o ventana que no esté cerrada con llave.

Ojos alterados. Cambias el aspecto de tus ojos durante

1 minuto.

Sonido fantasmal. Creas un sonido instantáneo que

procede de un punto de tu elección dentro del alcance.

Por ejemplo, el retumbar de un trueno, el graznido de un

cuervo o unos susurros de mal agúero.

Temblores. Provocas que la tierra tiemble sin causar

daños durante 1 minuto.

Voz atronadora. Tu voz resuena hasta tres veces más

alto de lo normal durante 1 minuto. Hasta que termine

el conjuro, tienes ventaja en las pruebas de Carisma

(Intimidación).",rechazado,
Telaraña,2,Nivel 2,Conjuración,hechicero; mago,Acción,18 m,"V, S, M (un poco de tela de araña)","Concentración, hasta 1 hora","Conjuras una masa de telarañas pegajosas en un punto

dentro del alcance. Las telarañas ocupan un cubo de

6 m de lado en ese espacio hasta que el conjuro termine.

Las telarañas son terreno difícil y su interior se considera

ligeramente oscuro.

Si las telarañas no están ancladas entre dos objetos

sólidos (como muros o árboles) o extendidas sobre

un suelo, muro o techo, se vendrán abajo y el conjuro

terminará al principio de tu siguiente turno. Las telarañas

dispuestas sobre una superficie plana tienen una

profundidad de 1,5 m.

La primera vez que una criatura entre en las telarañas

o termine su turno allí, deberá superar una tirada de

salvación de Destreza o tendrá el estado de apresada

mientras permanezca en ellas o hasta que se libere.

Una criatura apresada puede utilizar una acción para

hacer una prueba de Fuerza (Atletismo) contra tu CD

de salvación de conjuros. Si la supera, dejará de estar

apresada.

Las telarañas son inflamables. Cualquier cubo de

telarañas de 1,5 m de lado expuesto al fuego se quema

por completo en 1 asalto y causa 2d4 de daño de fuego

a cualquier criatura que comience su turno en el incendio.",pendiente,
Telepatía,8,Nivel 8,Adivinación,mago,Acción,18 m,"V, S","Concentración, hasta 10 minutos","enlazados)

Creas un enlace telepático entre tú y una criatura

voluntaria que conozcas. El objetivo puede estar en

cualquier lugar del mismo plano de existencia que tú,

pero el conjuro terminará si dejáis de estar en el mismo

plano.

Hasta que el conjuro termine, el objetivo y tú podéis

compartir de forma instantánea palabras, imágenes,

sonidos y otros mensajes sensoriales mediante el enlace,

y el objetivo te reconoce como la criatura con la que se

está comunicando. El conjuro permite que una criatura

comprenda el significado de tus palabras y cualquier

mensaje sensorial que le envíes.

“TELEQUINESIS

Transmutación de nivel 5 (hechicero, mago)

Obtienes la capacidad de mover o manipular criaturas

u objetos con la mente. Cuando lanzas este conjuro y como

acción de magia en tus siguientes hasta que termine el

conjuro, puedes imponer tu voluntad sobre una criatura

o un objeto que puedas ver dentro del alcance y provocar

el efecto correspondiente de los indicados debajo. Puedes

afectar al mismo objetivo cada asalto o elegir uno nuevo

cada vez. Si cambias de objetivo, el anterior dejará de estar

afectado por el conjuro.

Criatura. Puedes intentar mover a una criatura Enorme

o más pequeña. El objetivo deberá superar una tirada de

salvación de Fuerza o lo moverás hasta 9 m en cualquier

dirección dentro del alcance del conjuro. Hasta el final de

tu siguiente turno, la criatura tendrá el estado de apresada

y, si la elevas en el aire, quedará suspendida. Caerá al final

de tu siguiente turno a menos que vuelvas a usar esta

opción y falle la tirada de salvación.

Objeto. Puedes intentar mover un objeto Enorme o más

pequeño. Si el objeto no lo lleva ni viste nadie, lo mueves

automáticamente hasta 9 m en cualquier dirección dentro

del alcance del conjuro.

7d

El maco E

INTÁCULOS NEGROS DE,

ICCIÓN A UNOS BA

Si una criatura lleva o viste el objeto, deberá superar

una tirada de salvación de Fuerza o tirarás del objeto

y lo moverás hasta 9 m en cualquier dirección dentro

del alcance del conjuro.

Puedes ejercer un control más preciso de los objetos con

tu agarre telequinético, como, por ejemplo, manipular una

herramienta sencilla o abrir una puerta o un contenedor,

guardar o sacar un objeto de un contenedor abierto

o verter el contenido de un vial.",pendiente,
Teletransporte,7,Nivel 7,Conjuración,bardo; hechicero; mago,Acción,3 m,V,Instantáneo,"Este conjuro os transporta a un destino que elijas a ti

y a hasta ocho criaturas voluntarias que puedas ver

o aun solo objeto que puedas ver dentro del alcance.

Si el objetivo es un objeto, debe ser Grande o más pequeño

y no puede llevarlo o vestirlo una criatura no voluntaria.

Debes conocer el destino que elijas y también debe

estar en el mismo plano de existencia que tú. Lo bien

que conoces el destino es decisivo para conseguir llegar

a él. Tu DM tira 1d100 y consulta la tabla “Resultado

del teletransporte” y las explicaciones que la siguen.

RESULTADO DEL TELETRANSPORTE

Área      Lejosdel      Enel

Familiaridad       Percance similar   objetivo     objetivo

Círculo               =        =          —         01-00

permanente

Objeto vinculado      =        =          =         01-00

Muy familiar        01-05    06-13     14-24       25-00

Visto espo-          01-33    34-43     44-53       54-00

rádicamente

Visto una vez        01-43    44-53     54-73       74-00

o descrito

Destino falso       01-50    51-00      —            —-

Familiaridad. Los términos de la columna “Familiaridad”

de la tabla significan lo siguiente:

+ “Círculo permanente” se refiere a un círculo de

teletransportación permanente cuya secuencia de

sellos conozcas.

+ “Objeto vinculado” quiere decir que posees un objeto

tomado del destino deseado en los últimos seis meses,

como un libro de la biblioteca de un mago.

+ “Muy familiar” es un sitio que has visitado a menudo,

que has estudiado detenidamente o que puedas ver

cuando lanzas el conjuro.

+ “Visto esporádicamente” es un lugar que has visto

más de una vez, pero que no conoces muy bien.

+ “Visto una vez o descrito” es un lugar que solo has

visto en una ocasión, quizá mediante la magia, o un sitio

que conoces de segunda mano, quizá por un mapa.

+ “Destino falso” es un lugar que no existe. Es posible

que trataras de escrudiñar el sanctasanctórum de

un enemigo, pero que, en su lugar, vieras una ilusión,

o puede que intentes teletransportarte a una ubicación

que ya no existe.

Percance. La magia impredecible del conjuro da como

resultado un viaje complicado. Cada criatura que se

teletransporta (o el objeto objetivo) recibe 3d10 de daño

de fuerza y tu DM vuelve a tirar en la tabla para ver

dónde acabáis (se pueden producir varios percances,

que causarán daño cada una de las veces).

Área similar. Tu grupo y tú (o el objeto objetivo)

aparecéis en una zona diferente pero que se parece

visual o temáticamente al área objetivo. Llegaréis al

espacio similar más cercano. Por ejemplo, si te dirigías

a tu laboratorio, podrías acabar en el laboratorio de otra

persona en la misma ciudad.

Lejos del objetivo. Tu grupo y tú (o el objeto objetivo)

aparecéis a 2d12 x 1,5 km de distancia del destino en una

dirección al azar. Tira 148 para determinar la dirección:

con un 1, al este; con un 2, al sureste; con un 3, al sur;

con un 4, al suroeste; con un 5, al oeste; con un 6,

al noroeste; con un 7, al norte, y con un 8, al noreste.

En el objetivo. Tu grupo y tú (o el objeto objetivo)

aparecéis donde tú querías.",pendiente,
Tentáculos Negros de Evard,4,Nivel 4,Conjuración,mago,Acción,150 m,"V, S, M (una piedra fracturada)","Concentración, hasta 1 minuto","Unos tentáculos color ébano que se retuercen llenan

un cuadrado en el suelo de 6 m de lado que puedas

ver dentro del alcance. Hasta que termine el conjuro,

estos tentáculos convertirán la zona en terreno difícil.

Todas las criaturas situadas en esa zona hacen una

tirada de salvación de Fuerza. Si la fallan, sufrirán 3d6

de daño contundente y tendrán el estado de apresadas

hasta que el conjuro termine. Una criatura también

deberá hacer la tirada si entra en la zona o termina su

turno en ella. Cada criatura solo hace esta tirada una

vez por turno.

Una criatura apresada puede emplear una acción para

hacer una prueba de Fuerza (Atletismo) contra tu CD

de salvación de conjuros y, si la supera, pondrá fin a su

estado.

“TERREMOTO

Transmutación de nivel 8 (clérigo, druida, hechicero)

Elige un punto del suelo que puedas ver dentro del

alcance. Hasta que el conjuro termine, una intensa

sacudida afecta al suelo en un círculo de 30 m de radio

centrado en ese punto. El suelo de la zona se considera

terreno difícil.

Cuando lances este conjuro y al final de cada uno de tus

turnos hasta que termine, todas las criaturas que haya en

el suelo en la zona deberán hacer una tirada de salvación

de Destreza. Si la fallan, tendrán el estado de derribadas

y perderán la concentración.

Además, podrás provocar los siguientes efectos.

Grietas. Se abre un total de 1d6 fisuras en la zona

del conjuro al final del turno en que lo lances. Tú eliges

la ubicación de las grietas, que pueden estar debajo

de estructuras. Cada una tiene una profundidad de

íd10 x 3 m y una anchura de 3 m y se extiende desde un

borde del área del conjuro hasta otro borde. Una criatura

que esté en el mismo espacio que una grieta deberá superar

una tirada de salvación de Destreza o caerá en ella. Si la

supera, la criatura se moverá a la vez que se abre el borde

de la grieta y se mantendrá allí.

Estructuras. El temblor causa 50 de daño contundente

a cualquier estructura que esté en contacto con el suelo

de la zona cuando lances el conjuro y al final de cada uno

de tus turnos hasta que el conjuro termine. Si los puntos

de golpe de una estructura se reducen a O, se derrumbará.

Una criatura que se encuentre a una distancia de una

estructura que se derrumba igual a la mitad de su altura

hace una tirada de salvación de Destreza. Si la falla,

sufrirá 12d6 de daño contundente, tendrá el estado de

derribada y quedará enterrada entre los escombros.

Para escapar, como acción tendrá que superar una

prueba de Fuerza (Atletismo) con CD 20. Si la supera,

solo sufrirá la mitad de ese daño.",pendiente,
Terreno Alucinatorio,4,Nivel 4,Ilusionismo,bardo; brujo; druida; mago,Acción,Lanzador,"V, S, M (una pluma blanca)","Concentración, hasta 1 minuto","Haces que un terreno natural en un cubo de 45 m de

lado dentro del alcance tenga el aspecto, los sonidos y los

olores de otro tipo de terreno natural. Por ejemplo, puedes

hacer que un campo abierto o una carretera se parezcan

a un pantano, una colina, una grieta u otro tipo de te

difícil o infranqueable. Se puede hacer que un estanqu

parezca una pradera cubierta de hierba, que un precipi

se aparezca como una suave cuesta o que un barranco

pedregoso y estrecho se presente como una carretera

amplia y lisa. Las estructuras fabricadas, el equipo y

criaturas en la zona no cambian.

Las características táctiles del terreno no cambian,

por lo que es probable que las criaturas que entren en

zona descubran que es una ilusión. Si la diferencia no

obvia al tacto, cualquier criatura que examine la ilus

puede usar una acción de estudiar y hacer una prueba d

Inteligencia (Investigación) contra tu CD de salvación

conjuros para distinguirla. Si criatura percibe que es

ilusión, la verá como una imagen difusa y superpuesta

terreno de verdad.

“TERROR

Ilusionismo de nivel 3 (bardo, brujo, hechicero, mago)

Todas las criaturas situadas en un cono de 9 m deberán

superar una tirada de salvación de Sabiduría o soltará

cualquier cosa que tengan agarrada y tendrán el estado

de asustadas hasta que termine el conjuro.

Una criatura asustada realizará la acción de correr

en todos sus turnos para alejarse de ti por la ruta

más segura, a menos que no haya por dónde huir.

Si la criatura acaba su turno en un espacio desde el

que no tenga línea de visión directa de ti, hará una

tirada de salvación de Sabiduría. Si la supera, el con

terminará para ella.",pendiente,
Terror Abyecto,9,Nivel 9,Ilusionismo,brujo; mago,Acción,Toque,"V, S","Instantáneo Intentas crear horrores ilusorios en las mentes de otr Todas las criaturas de tu elección situadas en una esf de 9 m de radio centrada en un punto dentro del alcanc realizan una tirada de salvación de Sabiduría. Si la f los objetivos sufrirán 10d10 de daño psíquico y tendrá el estado de asustados hasta que el conjuro termine. Si la superan, solamente recibirán la mitad de ese dañ","Un objetivo asustado hará una tirada de salvación de

Sabiduría al final de cada uno de sus turnos. Si la fa

sufrirá 5d10 de daño psíquico. Si la supera, el conjur

terminará para ese objetivo.

rreno

e        TEXTO ILUSORIO

cio

Ilusionismo de nivel1 (bardo, brujo, mago)

las     Alcance: Toque

que se consume como parte del conjuro)

la      Duración: 10 días

es      Escribes en pergamino, papel u otro material adecuado

ión      y lo impregnas con una ilusión hasta que termine el conjuro.

e        Para ti y las demás criaturas que designes cuando lanzas

de      el conjuro, el texto parece normal, escrito con tu letra,

una     y transmite el significado que pretendieras al escribirlo.

al       Para los demás, el texto parece escrito en letra mágica

o desconocida y es ininteligible. Como alternativa,

la ilusión puede modificar el significado, la caligrafía

y el idioma de un texto, aunque el idioma debe ser uno

que conozcas.

Si el conjuro se disipa, desaparecerán tanto el escrito

original como la ilusión.

Una criatura con visión verdadera puede leer el mensaje

oculto.

TOQUE HELADO

n

Truco de nigromancia (brujo, hechicero, mago)

Canalizas un frío sepulcral y haces un ataque de conjuro

cuerpo a cuerpo contra un objetivo dentro del alcance.

juro     Si acierta, el objetivo recibirá 1d10 de daño necrótico

y no podrá recuperar puntos de golpe hasta el final de

tu siguiente turno.

Mejora de truco. El daño aumenta en 1d10 cuando

alcanzas los niveles 5 (2d10), 11 (3d10) y 17 (4d10).",pendiente,
Toque Vampírico,3,Nivel 3,Nigromancia,brujo; hechicero; mago,Acción,,"V, S","Concentración, hasta 1 minuto os.      Alcance: Lanzador era e allan,   El toque de tu mano envuelta en sombras puede absorber n        la fuerza vital de otros para curar tus heridas. Haz un ataque de conjuro cuerpo a cuerpo contra una criatura o.       dentro del alcance. Si acierta, el objetivo sufrirá 3d6 de daño necrótico y tú recuperarás una cantidad de puntos lla,     de golpe igual a la mitad del daño necrótico infligido. o          Hasta que el conjuro termine, podrás realizar el ataque otra vez como acción de magia en cada uno de tus turnos y hacer objetivo a la misma criatura o a otra distinta.","Con un espacio de conjuro de nivel superior. El daño

aumenta en 1d6 por cada nivel por encima de 3 que tenga

el espacio.

e",pendiente,
Tormenta de Aguanieve,3,Nivel 3,Conjuración,druida; hechicero; mago,"Acción adicional, que realizas",Lanzador,"V, S, M (un paraguas en miniatura)",Instantáneo,"Hasta que el conjuro termine, caerá aguanieve en un

cilindro de 12 m de alto y 6 m de radio centrado en un

punto que elijas dentro del alcance. La zona está muy

oscura y las llamas desprotegidas que haya en ella se

apagan.

El suelo abarcado en el cilindro es terreno difícil.

Cuando una criatura entre en el cilindro por primera vez

en un turno o comience su turno en él, deberá superar

una tirada de salvación de Destreza o tendrá el estado

de derribada y perderá la concentración.

“TORMENTA DE ESPINAS

Conjuración de nivel 1 (explorador)

de inmediato tras acertar a una criatura con un arma

a distancia

Componentes: V

Al golpear a la criatura, el conjuro crea una lluvia de

espinas que saldrá disparada de tu arma a distancia

o munición. El objetivo del ataque y todas las criaturas

a 1,5 m o menos de él hacen una tirada de salvación de

Destreza; sufrirán 1d10 de daño perforante si la fallan

o la mitad del daño si la superan.

Con un espacio de conjuro de nivel superior. El daño

aumenta en 1d10 por cada nivel por encima de 1 que tenga

el espacio.",pendiente,
Tormenta de Fuego,7,Nivel 7,Evocación,clérigo; druida; hechicero,Acción,45 m,"V, S",Instantáneo,"Una tormenta de llamas aparece dentro del alcance.

El área de la tormenta consta de hasta diez cubos de

3 m de lado que puedes disponer según desees, cada

uno de los cuales debe estar adyacente al menos a otro.

Todas las criaturas situadas en la zona de 4,5 m deberán

realizar una tirada de salvación de Destreza; sufrirán

7d10 de daño de fuego si la fallan o la mitad del daño s

la superan.

Los objetos inflamables dentro del área que no lleve

o vista nadie empezarán a arder.",pendiente,
Tormenta de Hielo,4,Nivel 4,Evocación,druida; hechicero; mago,Acción,90 m,"V, S, M (una manopla)",Instantáneo,"Una granizada cae en un cilindro de 6 m de radio y 12 m

de altura centrado en un punto dentro del alcance.

Todas las criaturas situadas en el cilindro hacen una

tirada de salvación de Destreza; sufrirán 2d10 de daño

contundente y 4d6 de daño de frío si la fallan o la mitad

del daño si la superan.

Las bolas de granizo convierten el suelo del cilindro

en terreno difícil hasta el final de tu siguiente turno.

Con un espacio de conjuro de nivel superior. El daño

contundente aumenta en 1d10 por cada nivel por encima

de 4 que tenga el espacio.",pendiente,
Tormenta de la Venganza,9,Nivel 9,Conjuración,druida,Acción,"1,5 km","V, S",Instantáneo,"Hasta que termine el conjuro, una nube de tormenta

se forma centrada en un punto dentro del alcance y se

extiende hasta un radio de 90 m. Todas las criaturas que

estén debajo de ella cuando aparezca deberán superar

una tirada de salvación de Constitución o sufrirán 2d6

de daño de trueno y tendrán el estado de ensordecidas

hasta que el conjuro termine.

Al principio de cada uno de tus siguientes turnos,

la tormenta produce efectos diferentes, como se detalla

a continuación.

Turno 2. Cae una lluvia ácida. Todas las criaturas

y objetos que estén debajo de la nube sufrirán 4d6 de daño

de ácido.

Turno 3. Invocas seis relámpagos que surgen de la nube

para golpear a seis criaturas u objetos distintos bajo ella.

Cada objetivo hace una tirada de salvación de Destreza;

sufrirá 10d6 de daño de relámpago si la falla o la mitad

del daño si la supera.

Turno 4. Caen bolas de granizo. Todas las criaturas

que estén debajo de la nube sufrirán 2d6 de daño

contundente.

Turnos 5 a 10. La zona bajo la nube se ve asolada por

vendavales y aguanieve. Todas las criaturas que estén allí

sufren 1d6 de daño de frío. Hasta que el conjuro termine,

la zona es terreno difícil y está muy oscura. Además,

i   es imposible hacer ataques con armas a distancia, ya que

un fuerte viento sopla en toda la zona.

2                        Xx

“TORMENTA DE METEORITOS

Evocación de nivel 9 (hechicero, mago)

Unos orbes de fuego abrasador caen en picado en

cuatro puntos del suelo distintos que puedas ver

dentro del alcance. Todas las criaturas situadas en

una esfera de 12 m de radio centrada en cada uno de

esos puntos hacen una tirada de salvación de Destreza.

Sufrirán 20d6 de daño de fuego y 20d6 de daño

contundente si la fallan o la mitad del daño si la superan.

Las criaturas que estén situadas en el área de efecto

de más de una de las esferas ardientes solo se verán

afectadas por una.

Los objetos no mágicos que se encuentren dentro

del área del conjuro también recibirán el daño, salvo

silos lleva o viste una criatura, y empezarán a arder

si son inflamables.

LA MAGA JALLARZI HACE QUE UNOS VROCKS SE ARREPIENTAN

DE HABER SALIDO DEL ABISMO.

Pg",pendiente,
Tormenta Resplandeciente de Jallarzi,5,Nivel 5,Evocación,brujo; mago,Acción,36 m,"V, S, M (una pizca de fósforo)","Concentración, hasta 1 minuto","Desatas una tormenta de luz intermitente y truenos

intensos en un cilindro de 3 m de radio diámetro y 12 m

de alto centrado en un punto que puedas ver dentro del

alcance. Mientras estén en esta zona, las criaturas tendrán

los estados de cegadas y ensordecidas y no podrán lanzar

conjuros que tengan un componente verbal.

Cuando aparezca la tormenta, todas las criaturas

dentro de ella harán una tirada de salvación de

Constitución; sufrirán 2d10 de daño radiante y 2d10

de daño de trueno si la fallan o la mitad del daño si la

superan. Una criatura también hará esta tirada cuando

entre en el área del conjuro por primera vez en un turno

o termine su turno allí. Una criatura solo hace esta tirada

una vez por turno.

Con un espacio de conjuro de nivel superior. El daño

radiante y de trueno aumenta en 1d10 por cada nivel

por encima de 5 que tenga el espacio.",pendiente,
Trepar Cual Arácnido,2,Nivel 2,Transmutación,brujo; hechicero; mago,Acción,Toque,"V, S, M (una gota de betún y una araña)","Concentración, hasta 1 hora","Hasta que el conjuro termine, una criatura voluntaria

a la que toques gana la capacidad de moverse hacia arriba,

hacia abajo y de lado por superficies verticales, así como

por techos. Esta manera de moverse no requiere del uso

de las manos, que quedan libres. Además, el objetivo

obtiene una velocidad trepando igual a su velocidad.

Con un espacio de conjuro de nivel superior. Puedes

hacer objetivo a una criatura adicional por cada nivel

por encima de 2 que tenga el espacio.",pendiente,
Tronar,0,Truco,Evocación,bardo; brujo; druida; hechicero; mago,Acción,Toque,"V, S, M (un trozo de cuerda)",1 hora,"Todas las criaturas situadas en una emanación de

1,5 m que se origina en ti deberán superar una tirada

de salvación de Constitución o sufrirán 1d6 de daño

de trueno. El sonido atronador del conjuro se puede oír

a una distancia de hasta 30 m.

Mejora de truco. El daño aumenta en 1d6 cuando

alcanzas los niveles 5 (2d6), 11 (3d6) y 17 (4d6).

“TRUCO DE LA CUERDA

Transmutación de nivel 2 (mago)

Tocas una cuerda, lo que hace que uno de sus extremos

flote hacia arriba hasta que la cuerda se ponga

perpendicular al suelo o toque un techo. En el extremo

superior de la cuerda se abre un portal invisible de 0,9 m

por 1,5 m, el cual conduce a un espacio extradimensional

que dura hasta que el conjuro termine. Este espacio puede

alcanzarse trepando por la cuerda, que puede recogerse

o soltarse desde el interior.

En el espacio caben hasta ocho criaturas Medianas

o más pequeñas. Los ataques, conjuros y otros efectos

no pueden cruzar el espacio en ningún sentido, pero las

criaturas que están dentro pueden ver a través del portal.

Todo lo que esté dentro del espacio caerá fuera cuando

el conjuro termine.",ok,
Tsunami,8,Nivel 8,Conjuración,druida,1 minuto,"1,5 km","V, S","Concentración, hasta 6 asaltos","Un muro de agua surge de la nada en un punto de tu

elección dentro del alcance. Puedes hacerlo de hasta 90 m

de longitud, 90 m de alto y 15 m de grosor y durará hasta

que termine el conjuro.

Cuando aparezca el muro, todas las criaturas situadas

en su área hacen una tirada de salvación de Fuerza;

sufrirán 6d10 de daño contundente si la fallan o la mitad

de daño si la superan.

Al principio de cada uno de tus turnos tras la aparición

del muro, se alejará 15 m de tijunto con todas las criaturas

que haya en su interior. Cualquier criatura Enorme o más

pequeña dentro del muro, o a cuyo espacio entre el muro

cuando este se mueva, deberá superar una tirada de

salvación de Fuerza o sufrirá 5d10 de daño contundente.

Una criatura solo puede sufrir este daño una vez por

asalto. Al final del turno, la altura del muro se reduce en

15 m y el daño que causa el muro en asaltos subsiguientes

se reduce en 1d10. Cuando el muro llegue a O m de altura,

el conjuro termina.

Una criatura atrapada en el muro puede moverse nadando.

Sin embargo, debido a la fuerza de la ola, la criatura deberá

superar una prueba de Fuerza (Atletismo) contra tu CD

de salvación de conjuros para moverse. Si no la supera,

no podrá hacerlo. Una criatura que salga del muro caerá

al suelo.",pendiente,
Urna Mágica,6,Nivel 6,Nigromancia,mago,1 minuto,Lanzador,"V, S, M (una gema, un cristal o un relicario",Hasta que sea disipado,"que valga al menos 500 po)

Tu cuerpo entra en estado catatónico y tu alma lo

abandona y entra en el recipiente que has usado como

componente material del conjuro. Mientras tu alma esté

dentro del recipiente, serás consciente de lo que te rodea,

igual que si estuvieras en el espacio de dicho recipiente.

No podrás moverte ni llevar a cabo reacciones. La única

acción que puedes realizar es proyectar tu alma hasta

30 m del recipiente, bien para regresar a tu cuerpo viviente

(y poner fin al conjuro) o bien para tratar de poseer el

cuerpo de un humanoide.

Puedes intentar poseer a cualquier humanoide que

esté a 30 m o menos de ti que puedas ver (las criaturas

protegidas mediante un conjuro círculo mágico o protección

contra el bien y el mal no pueden ser poseídas). El objetivo

hace una tirada de salvación de Carisma. Si la falla,

tu alma se introducirá en el cuerpo del objetivo y la suya

quedará atrapada en el recipiente. Si la supera, resistirá

tus esfuerzos por poseerlo y no podrás volver a intentarlo

durante 24 horas.

En cuanto posees el cuerpo de una criatura, lo controlas

Tus puntos de golpe, dados de puntos de golpe, Fuerza,

Destreza, Constitución, velocidad y sentidos se sustituyen

por los de la criatura. Por lo demás, conservas tu perfil.

Por su parte, el alma de la criatura poseída puede

percibir desde el recipiente usando sus propios

sentidos, pero no puede moverse y tiene el estado

de incapacitada.

Mientras posees un cuerpo, puedes usar una

acción de magia para volver del cuerpo anfitrión al

recipiente si está a 30 m o menos de ti, lo que hace que

el alma de la criatura anfitriona regrese a su propio

cuerpo. Si el cuerpo anfitrión muere mientras estás

en él, la criatura muere y tú debes hacer una tirada de

salvación de Carisma contra tu propia CD de salvación

de conjuros. Si la superas, volverás al recipiente si está

a 30 m o menos de ti. De lo contrario, morirás.

Si el recipiente es destruido o el conjuro termina,

tu alma volverá a tu cuerpo. Si tu cuerpo está a más

de 30 m de ti o está muerto, morirás. Si el alma de otra

criatura está en el recipiente cuando es destruido, esa

alma volverá a su cuerpo, siempre y cuando esté vivo

y    a30 m o menos de ella. De lo contrario, esa criatura

morirá.

Cuando el conjuro termine, el recipiente se destruirá.",pendiente,
Ver Invisibilidad,2,Nivel 2,Adivinación,bardo; hechicero; mago,Acción,Lanzador,"V, S, M (una pizca de talco)",1 hora,"Hasta que termine el conjuro, ves a las criaturas y objetos

que tengan el estado de invisibles como si fueran visibles

y puedes ver en el Plano Etéreo. Las criaturas y objetos

que haya en él tendrán un aspecto fantasmal.",pendiente,
Viajar con el Viento,6,Nivel 6,Transmutación,druida,1 minuto,9 m,"V, S, M (una vela)",8 horas,"Tú y hasta diez criaturas voluntarias que elijas dentro

del alcance asumís formas gaseosas hasta que termine

el conjuro y tenéis la apariencia de jirones de nubes.

En esta forma de nube, un objetivo tiene una velocidad

volando de 90 m, puede levitar, tiene inmunidad al

estado de derribado y resistencia al daño contundente,

cortante y perforante. Las únicas acciones que puede

realizar un objetivo en esta forma son la acción de correr

o una acción de magia para empezar a volver a su forma

.   normal. Recuperarla lleva 1 minuto, durante el cual el

objetivo tendrá el estado de aturdido. Hasta que el conjuro

termine, el objetivo puede volver a la forma de nube,

lo que también requiere una acción de magia seguida

de una transformación de 1 minuto.

Si un objetivo se encuentra en forma de nube y volando

cuando el efecto termina, desciende 18 m por asalto

durante 1 minuto hasta aterrizar, lo que hace sin ningún

peligro. Si transcurrido ese minuto no ha aterrizado,

caerá la distancia restante.",pendiente,
Viajar Mediante Plantas,6,Nivel 6,Conjuración,druida,Acción,3 m,"V, S",1 minuto,"Este conjuro crea un vínculo mágico entre una planta

inanimada de tamaño Grande o mayor dentro del alcance

y otra planta a cualquier distancia en el mismo plano

de existencia. Tienes que haber visto o tocado la planta

de destino al menos una vez antes. Hasta que termine

el conjuro, cualquier criatura puede entrar en la planta

objetivo y salir por la de destino gastando 1,5 m de

movimiento.",pendiente,
Vigor Arcano,2,Nivel 2,Abjuración,hechicero; mago,Acción adicional,Lanzador,"V, S",Instantáneo,"Recurres a tu fuerza vital para curarte. Tira uno o dos de

tus dados de puntos de golpe no gastados para recuperar

una cantidad de puntos de golpe igual al resultado total

de la tirada más tu modificador por aptitud mágica.

Después, los dados se consideran gastados.

Con un espacio de conjuro de nivel superior. La cantidad

de dados de golpe no gastados que puedes tirar aumenta

en uno por cada nivel por encima de 2 que tenga el espacio.",pendiente,
Vínculo Protector,2,Nivel 2,Abjuración,clérigo; paladín,Acción,Toque,"V, S, M (un par de anillos de platino que",1 hora,"valgan al menos 50 po cada uno y que debéis llevar

puestos tanto tú como el objetivo hasta que termine

el conjuro)

Tocas a otra criatura voluntaria y creas una conexión

mística entre ella y tú hasta que el conjuro termine.

Mientras el objetivo esté a 18 m o menos de ti, obtiene un

bonificador de +1 a la CA y a las tiradas de salvación, así

como resistencia a todo el daño. Sin embargo, cada vez

que reciba daño, tú sufrirás la misma cantidad de daño.

El conjuro termina si tus puntos de golpe se reducen

a O o si el objetivo y tú os separáis más de 18 m. También

termina si se lanza otra vez sobre cualquiera de las dos

criaturas conectadas.",pendiente,
Visión en la Oscuridad,2,Nivel 2,Transmutación,,Acción,Toque,"V, S, M (una zanahoria seca)",8 horas,"Hasta que el conjuro termine, una criatura voluntaria

a la que toques tendrá visión en la oscuridad hasta 45 m.",pendiente,
Visión Veraz,6,Nivel 6,Adivinación,,Acción,Toque,"V, S, M (hongos pulverizados que valgan",1 hora,"al menos 25 po, que se consumen como parte del

conjuro)

Hasta que el conjuro termine, la criatura voluntaria

ala que toques tendrá visión verdadera hasta 36 m.",pendiente,
Volar,3,Nivel 3,Transmutación,brujo; hechicero; mago,Acción,Toque,"V, S, M (una pluma)","Concentración, hasta 10 minutos","Tocas a una criatura voluntaria. Hasta que el conjuro

termine, el objetivo consigue una velocidad volando

de 18 m y puede levitar. Cuando el conjuro termine,

el objetivo caerá si aún está en el aire, excepto si puede

detener la caída.

Con un espacio de conjuro de nivel superior. Puedes

hacer objetivo a una criatura adicional por cada nivel

por encima de 3 que tenga el espacio.",pendiente,
Voluta Estelar,0,Truco,Evocación,bardo; druida,Acción,18 m,"V, S",Instantáneo,"Lanzas una mota de luz contra una criatura u objeto

dentro del alcance. Haz un ataque de conjuro a distancia

contra el objetivo. Si acierta, el objetivo recibirá

1d8 de daño radiante y, hasta el final de tu siguiente

turno, emitirá luz tenue en un radio de 3 m y no podrá

beneficiarse del estado de invisible.

Mejora de truco. El daño aumenta en 1d8 cuando

alcanzas los niveles 5 (2d8), 11 (3d8) y 17 (4d8).",ok,
Zancada Prodigiosa,1,Nivel 1,Transmutación,bardo; druida; explorador; mago,,Toque,"V, S, M (una pizca de tierra)",1 hora o)    Tiempo de lanzamiento: Acción Tocas a una criatura y su velocidad aumenta en 3 m hasta que el conjuro termine.,"Con un espacio de conjuro de nivel superior. Puedes

hacer objetivo a una criatura adicional por cada nivel

por encima de 1 que tenga el espacio.

go)",pendiente,
Zona de la Verdad,2,Nivel 2,Encantamiento,bardo; clérigo; paladín,Acción,18 m,"V, S",10 minutos,"Creas una zona mágica que protege contra el engaño

en una esfera de 4,5 m de radio centrada en un punto

dentro del alcance. Hasta que el conjuro termine, una

criatura que entre en la zona del conjuro por primera

vez en un turno o comience su turno allí realizará una

tirada de salvación de Carisma. Si la falla, no podrá decir

una mentira voluntariamente mientras esté en el radio

del conjuro. Sabrás si una criatura supera o falla esta

tirada.

Una criatura afectada es consciente del conjuro y puede

evitar responder a preguntas a las que normalmente

respondería con una mentira. Dicha criatura puede dar

respuestas evasivas, pero deberá ser sincera.",pendiente,
